Train No,Train Name,SEQ,Station Code,Station Name,Arrival time,Departure Time,Distance,Source Station,Source Station Name,Destination Station,Destination Station Name
107,SWV-MAO-VLNK,4,MAO,MADGOAN JN.,12:10:00,00:00:00,78,SWV,SAWANTWADI ROAD,MAO,MADGOAN JN.
108,VLNK-MAO-SWV,4,SWV,SAWANTWADI R,22:25:00,00:00:00,83,MAO,MADGOAN JN.,SWV,SAWANTWADI ROAD
128,MAO-KOP SPEC,22,KOP,CHHATRAPATI,17:45:00,17:45:00,978,MAO,MADGOAN JN.,KOP,CHHATRAPATI SHAHU MAHARAJ TERMINUS
290,PALACE ON WH,14,DSJ,DELHI-SAFDAR,02:30:00,02:30:00,2694,DSJ,DELHI-SAFDAR JANG,DSJ,DELHI-SAFDAR JANG
401,BSB BHARATDA,12,BSB,VARANASI JN.,10:00:00,10:00:00,1618,AWB,AURANGABAD,BSB,VARANASI JN.
421,LKO-SVDK FTR,5,SVDK,SHRI MATA VA,08:00:00,08:00:00,1276,LKO,LUCKNOW JN.,SVDK,SHRI MATA VAISHNO DEVI KATRA
422,SVDK-LKO FTR,5,LKO,LUCKNOW JN.,14:30:00,14:30:00,1277,SVDK,SHRI MATA VAISHNO DEVI KATRA,LKO,LUCKNOW JN.
477,FTR TRAIN NO,14,SSA,SIRSA,15:20:00,15:20:00,2616,SSA,SIRSA,SSA,SIRSA
502,RJPB-UMB FTR,9,UMB,AMBALA CANTT,09:30:00,09:30:00,1206,RJPB,RAJENDRANAGAR TERMINAL,UMB,AMBALA CANTT JN
504,PNBE-BTI FTR,3,BTI,BATHINDA JN,10:00:00,10:00:00,1313,PNBE,PATNA JN.,BTI,BATHINDA JN
506,PNBE-PTA FTR,3,PTA,PATIALA,15:45:00,15:45:00,1161,PNBE,PATNA JN.,PTA,PATIALA
557,RSD-PJP BSF,2,PJP,PANJIPARA,11:00:00,11:00:00,1301,URK,URKURA,PJP,PANJIPARA
604,PNBE-ASR FTR,3,ASR,AMRITSAR JN.,16:00:00,16:00:00,1429,PNBE,PATNA JN.,ASR,AMRITSAR JN.
1011,CSMT-NGP SF,18,NGP,NAGPUR JN.(C,14:20:00,14:20:00,841,CSMT,CST-MUMBAI,NGP,NAGPUR JN.(CR)
1037,LTT-SWV SPL,10,SWV,SAWANTWADI R,10:30:00,10:30:00,513,LTT,LOKMANYA TILAK TERMINUS,SWV,SAWANTWADI ROAD
1038,SWV-LTT SPL,10,LTT,LOKMANYA TIL,00:20:00,00:20:00,503,SWV,SAWANTWADI ROAD,LTT,LOKMANYA TILAK TERMINUS
1045,LTT-KRMI SPL,11,KRMI,KARMALI,11:00:00,11:00:00,563,LTT,LOKMANYA TILAK TERMINUS,KRMI,KARMALI
1119,AJNI-KRMI SP,24,KRMI,KARMALI,20:30:00,20:30:00,1329,AJNI,AJNI,KRMI,KARMALI
1120,KRMI-AJNI SP,24,AJNI,AJNI,22:00:00,22:00:00,1319,KRMI,KARMALI,AJNI,AJNI
1122,KRMI-CSMT SP,14,CSMT,CST-MUMBAI,10:30:00,10:30:00,569,KRMI,KARMALI,CSMT,CST-MUMBAI
1196,NGP-KRMI SPL,26,KRMI,KARMALI,21:30:00,21:30:00,1332,NGP,NAGPUR JN.(CR),KRMI,KARMALI
1301,PUNE-MAJN WE,17,MAJN,MANGALORE JN,12:30:00,12:30:00,976,PUNE,PUNE JN.,MAJN,MANGALORE JN
1302,MAJN-PUNE WE,17,PUNE,PUNE JN.,13:10:00,13:10:00,973,MAJN,MANGALORE JN,PUNE,PUNE JN.
1442,DSJ-KK MTY S,13,KK,KHADKI,02:15:00,02:15:00,1581,DSJ,DELHI-SAFDAR JANG,KK,KHADKI
1655,PUNE-JBP SPL,13,JBP,JABALPUR,06:15:00,06:15:00,1050,PUNE,PUNE JN.,JBP,JABALPUR
1656,JBP-PUNE SPL,13,PUNE,PUNE JN.,14:05:00,14:05:00,1050,JBP,JABALPUR,PUNE,PUNE JN.
1705,BDTS-JBP SF,14,JBP,JABALPUR,21:40:00,21:40:00,1261,BDTS,BANDRA TERMINUS,JBP,JABALPUR
1706,JBP-BDTS SF,14,BDTS,BANDRA TERMI,11:15:00,11:15:00,1262,JBP,JABALPUR,BDTS,BANDRA TERMINUS
1707,JBP-ATT BI-W,17,ATT,ATARI JN,11:45:00,11:45:00,1360,JBP,JABALPUR,ATT,ATARI JN
1708,ATT-JBP BI-W,17,JBP,JABALPUR,17:20:00,17:20:00,1362,ATT,ATARI JN,JBP,JABALPUR
2025,CSMT-KRMI SF,7,KRMI,KARMALI,13:20:00,13:20:00,579,CSMT,CST-MUMBAI,KRMI,KARMALI
2026,KRMI-CSMT SF,7,CSMT,CST-MUMBAI,23:00:00,23:00:00,569,KRMI,KARMALI,CSMT,CST-MUMBAI
2191,JBP-SRC SF S,16,SRC,SANTRAGACHI,16:00:00,16:00:00,1123,JBP,JABALPUR,SRC,SANTRAGACHI JN.
2192,SRC-JBP SF S,16,JBP,JABALPUR,15:50:00,15:50:00,1123,SRC,SANTRAGACHI JN.,JBP,JABALPUR
2195,REWA-BPL SF,10,BPL,BHOPAL,23:00:00,23:00:00,551,REWA,REWA,BPL,BHOPAL
2196,BPL-REWA SF,10,REWA,REWA,09:45:00,09:45:00,549,BPL,BHOPAL,REWA,REWA
2515,TVC-SCL SPL,58,SCL,SILCHAR,05:00:00,05:00:00,3939,TVC,TRIVANDRUM CENTRAL,SCL,SILCHAR
2651,PLNI-POY EXP,3,POY,POLLACHI,09:10:00,09:10:00,62,PLNI,PALANI,POY,POLLACHI
2652,POY-PLNI EXP,3,PLNI,PALANI,18:10:00,18:10:00,62,POY,POLLACHI,PLNI,PALANI
2731,HYB-JP HSP,29,JP,JAIPUR JN.,06:25:00,06:25:00,1854,HYB,HYDERABAD DECCAN,JP,JAIPUR JN.
2732,JP-HYB SPECI,29,HYB,HYDERABAD DE,02:00:00,02:00:00,1853,JP,JAIPUR JN.,HYB,HYDERABAD DECCAN
2821,PUNE-SRC AC,14,SRC,SANTRAGACHI,18:15:00,18:15:00,2066,PUNE,PUNE JN.,SRC,SANTRAGACHI JN.
2822,SRC-PUNE  AC,14,PUNE,PUNE JN.,02:45:00,02:45:00,2073,SRC,SANTRAGACHI JN.,PUNE,PUNE JN.
2833,RJT-SRC SF A,29,SRC,SANTRAGACHI,16:35:00,16:35:00,2332,RJT,RAJKOT,SRC,SANTRAGACHI JN.
2834,SRC-RJT SF A,29,RJT,RAJKOT,13:45:00,13:45:00,2351,SRC,SANTRAGACHI JN.,RJT,RAJKOT
2841,SRC MAS SPL,12,MAS,CHENNAI CENT,15:20:00,15:20:00,1656,SRC,SANTRAGACHI JN.,MAS,CHENNAI CENTRAL
2842,MAS SRC SPL,12,SRC,SANTRAGACHI,23:30:00,23:30:00,1656,MAS,CHENNAI CENTRAL,SRC,SANTRAGACHI JN.
2845,PUNE HTE SPL,17,HTE,HATIA,18:20:00,18:20:00,1770,PUNE,PUNE JN.,HTE,HATIA
2846,HTE-PUNE SPL,17,PUNE,PUNE JN.,02:45:00,02:45:00,1791,HTE,HATIA,PUNE,PUNE JN.
3101,KOAA PURI SP,9,PURI,PURI,11:50:00,11:50:00,523,KOAA,KOLKATA,PURI,PURI
3102,PURI KOAA SP,9,KOAA,KOLKATA,10:25:00,10:25:00,522,PURI,PURI,KOAA,KOLKATA
3301,ASN-DHN MEMU,13,DHN,DHANBAD JN.,11:35:00,11:35:00,58,ASN,ASANSOL MAIN,DHN,DHANBAD JN.
3302,DHN-ASN MEMU,13,ASN,ASANSOL MAIN,13:10:00,13:10:00,58,DHN,DHANBAD JN.,ASN,ASANSOL MAIN
3305,DHN-KUSUNDA,2,KDS,KUSUNDA,11:50:00,11:50:00,3,DHN,DHANBAD JN.,KDS,KUSUNDA
3306,KUSUNDA-DHN,2,DHN,DHANBAD JN.,12:25:00,12:25:00,3,KDS,KUSUNDA,DHN,DHANBAD JN.
3307,SZE-PLJE MEM,4,PLJE,PHULWARTANR,15:15:00,15:15:00,4,SZE,SONARDIH,PLJE,PHULWARTANR
3308,PLJE-SZE MEM,4,SZE,SONARDIH,13:45:00,13:45:00,4,PLJE,PHULWARTANR,SZE,SONARDIH
3501,JSME-ANVT BI,5,ANVT,ANAND VIHAR,14:10:00,14:10:00,1193,JSME,JASIDIH JN.,ANVT,ANAND VIHAR TERMINAL
3502,ANVT-JSME BI,5,JSME,JASIDIH JN.,17:30:00,17:30:00,1193,ANVT,ANAND VIHAR TERMINAL,JSME,JASIDIH JN.
4401,ANVT-UHP EXP,13,SVDK,SHRI MATA VA,13:00:00,13:00:00,710,ANVT,ANAND VIHAR TERMINAL,SVDK,SHRI MATA VAISHNO DEVI KATRA
4402,UHP-ANVT EXP,13,ANVT,ANAND VIHAR,14:05:00,14:05:00,710,SVDK,SHRI MATA VAISHNO DEVI KATRA,ANVT,ANAND VIHAR TERMINAL
4409,DLI-SVDK SPL,7,SVDK,SHRI MATA VA,11:30:00,11:30:00,653,DLI,DELHI JN.,SVDK,SHRI MATA VAISHNO DEVI KATRA
4410,SVDK-DLI SPL,7,DLI,DELHI JN.,03:15:00,03:15:00,653,SVDK,SHRI MATA VAISHNO DEVI KATRA,DLI,DELHI JN.
4419,MAO-NZM WINT,13,NZM,HAZRAT NIZAM,16:55:00,16:55:00,1916,MAO,MADGOAN JN.,NZM,HAZRAT NIZAMUDDIN JN
4420,NZM-MAO WINT,13,MAO,MADGOAN JN.,19:40:00,19:40:00,1924,NZM,HAZRAT NIZAMUDDIN JN,MAO,MADGOAN JN.
4735,BKN - HW EXP,17,HW,HARIDWAR JN,10:25:00,10:25:00,691,BKN,BIKANER JN.,HW,HARIDWAR JN
4736,HW - BKN EXP,17,BKN,BIKANER JN.,09:25:00,09:25:00,691,HW,HARIDWAR JN,BKN,BIKANER JN.
4767,HMH-SGNR SPL,10,SGNR,SHRI GANGANA,16:05:00,16:05:00,67,HMH,HANUMANGARH JN.,SGNR,SHRI GANGANAGAR
4768,SGNR-HMH SPL,10,HMH,HANUMANGARH,13:00:00,13:00:00,67,SGNR,SHRI GANGANAGAR,HMH,HANUMANGARH JN.
4769,HMH SGNR PAS,10,SGNR,SHRI GANGANA,19:30:00,19:30:00,67,HMH,HANUMANGARH JN.,SGNR,SHRI GANGANAGAR
4770,SGNR HMH PAS,10,HMH,HANUMANGARH,17:05:00,17:05:00,67,SGNR,SHRI GANGANAGAR,HMH,HANUMANGARH JN.
4771,SDLP-SGNR SP,24,SGNR,SHRI GANGANA,08:45:00,08:45:00,232,SDLP,SADULPUR JN,SGNR,SHRI GANGANAGAR
4772,SGNR-SDLP SP,24,SDLP,SADULPUR JN,01:00:00,01:00:00,232,SGNR,SHRI GANGANAGAR,SDLP,SADULPUR JN
4773,SGNR SOG SPL,16,SOG,SURATGARH JN,22:40:00,22:40:00,125,SGNR,SHRI GANGANAGAR,SOG,SURATGARH JN.
4774,SOG SGNR SPL,10,SGNR,SHRI GANGANA,03:55:00,03:55:00,125,SOG,SURATGARH JN.,SGNR,SHRI GANGANAGAR
4801,PBC MKN PASS,3,MKN,MAKRANA JN.,07:30:00,07:30:00,21,PBC,PARVATSAR CITY,MKN,MAKRANA JN.
4802,MKN PBC PASS,3,PBC,PARVATSAR CI,20:20:00,20:20:00,21,MKN,MAKRANA JN.,PBC,PARVATSAR CITY
4831,JU HW SPL,22,HW,HARIDWAR JN,10:45:00,00:00:00,882,JU,JODHPUR JN.,HW,HARIDWAR JN
4832,HW JU SPL,22,JU,JODHPUR JN.,11:45:00,11:45:00,881,HW,HARIDWAR JN,JU,JODHPUR JN.
4851,MTD RTGH SPL,21,RTGH,RATANAGARH J,11:30:00,11:30:00,197,MTD,MERTA ROAD JN.,RTGH,RATANAGARH JN
4852,RTGH MTD SPL,21,MTD,MERTA ROAD J,22:00:00,22:00:00,197,RTGH,RATANAGARH JN,MTD,MERTA ROAD JN.
4853,RTGH CUR SPL,6,CUR,CHURU,13:10:00,13:10:00,42,RTGH,RATANAGARH JN,CUR,CHURU
4854,CUR RTGH SPL,6,RTGH,RATANAGARH J,16:45:00,16:45:00,42,CUR,CHURU,RTGH,RATANAGARH JN
4921,SRE-UMB MEMU,13,UMB,AMBALA CANTT,06:30:00,06:30:00,81,SRE,SAHARANPUR JN.,UMB,AMBALA CANTT JN
4922,UMB-SRE MEMU,13,SRE,SAHARANPUR J,22:40:00,22:40:00,81,UMB,AMBALA CANTT JN,SRE,SAHARANPUR JN.
4991,PTK-JAT DEMU,14,JAT,JAMMU TAWI,17:10:00,17:10:00,99,PTK,PATHANKOT JN.,JAT,JAMMU TAWI
4992,JAT-PTK DEMU,14,PTK,PATHANKOT JN,12:10:00,12:10:00,99,JAT,JAMMU TAWI,PTK,PATHANKOT JN.
5061,GKP - BNY SP,5,BNY,BARHNI,09:50:00,09:50:00,112,GKP,GORAKHPUR JN.,BNY,BARHNI
5062,BNY - GKP SP,5,GKP,GORAKHPUR JN,20:05:00,20:05:00,112,BNY,BARHNI,GKP,GORAKHPUR JN.
5065,CPR-LJN,15,LJN,LUCKNOW JN.,08:15:00,08:15:00,503,CPR,CHHAPRA JN.,LJN,LUCKNOW JN.
5066,LJN-CPR-EXP,15,CPR,CHHAPRA JN.,08:25:00,08:25:00,505,LJN,LUCKNOW JN.,CPR,CHHAPRA JN.
5105,GKP-BST SPL,4,BST,BASTI,13:35:00,13:35:00,64,GKP,GORAKHPUR JN.,BST,BASTI
5106,BST-GKP SPL,4,GKP,GORAKHPUR JN,15:40:00,15:40:00,64,BST,BASTI,GKP,GORAKHPUR JN.
5305,CPA-FBD EXP,11,FBD,FARRUKHABAD,18:25:00,18:25:00,136,CPA,KANPUR ANWARGANJ,FBD,FARRUKHABAD JN
5306,FBD- CPA EXP,11,CPA,KANPUR ANWAR,14:30:00,14:30:00,136,FBD,FARRUKHABAD JN,CPA,KANPUR ANWARGANJ
5309,BC-LKU SPL,6,LKU,LALKUA JN.,22:45:00,22:45:00,81,BC,BAREILLY CITY,LKU,LALKUA JN.
5310,LKU-BC EXP,6,BC,BAREILLY CIT,19:25:00,19:25:00,81,LKU,LALKUA JN.,BC,BAREILLY CITY
5521,JMP-SHC SPEC,12,SHC,SAHARSA JN.,00:25:00,00:25:00,81,JMP,JAMALPUR JN.,SHC,SAHARSA JN.
5522,SHC-JMP SPEC,12,JMP,JAMALPUR JN.,08:00:00,08:00:00,81,SHC,SAHARSA JN.,JMP,JAMALPUR JN.
5613,JLWC-KOTA SP,11,KOTA,KOTA,08:05:00,08:05:00,85,JLWC,JHALAWAR CITY,KOTA,KOTA
5614,KOTA-JLWC SP,9,JLWC,JHALAWAR CIT,21:25:00,21:25:00,85,KOTA,KOTA,JLWC,JHALAWAR CITY
5619,NLP - MZS PA,20,MZS,MURKEONG SEL,17:30:00,17:30:00,153,NLP,NORTH LAKHIMPUR,MZS,MURKEONG SELEK
5620,MZS - NLP PA,20,NLP,NORTH LAKHIM,12:50:00,12:50:00,153,MZS,MURKEONG SELEK,NLP,NORTH LAKHIMPUR
5631,GHY - SCL PA,10,SCL,SILCHAR,05:55:00,05:55:00,380,GHY,GUWAHATI,SCL,SILCHAR
5632,SCL - GHY PA,10,GHY,GUWAHATI,07:45:00,07:45:00,379,SCL,SILCHAR,GHY,GUWAHATI
5715,GAREEB NAWAZ,2,KNE,KISHANGANJ,05:10:00,00:00:00,87,NJP,NEW JALPAIGURI JN,KNE,KISHANGANJ
5716,GAREEB NAWAZ,2,NJP,NEW JALPAIGU,06:30:00,00:00:00,87,KNE,KISHANGANJ,NJP,NEW JALPAIGURI JN
5719,KIR - SGUJ D,11,SGUJ,SILIGURI JN.,03:15:00,00:00:00,204,KIR,KATIHAR JN.,SGUJ,SILIGURI JN.
5720,SGUJ - KIR D,11,KIR,KATIHAR JN.,23:00:00,00:00:00,205,SGUJ,SILIGURI JN.,KIR,KATIHAR JN.
5863,RNY - RPAN P,15,RPAN,RANGAPARA NO,21:25:00,21:25:00,89,RNY,RANGIYA JN.,RPAN,RANGAPARA NORTH
5864,RPAN - RNY P,15,RNY,RANGIYA JN.,07:45:00,07:45:00,88,RPAN,RANGAPARA NORTH,RNY,RANGIYA JN.
5865,RNY - MZS PA,53,MZS,MURKEONG SEL,20:20:00,20:20:00,426,RNY,RANGIYA JN.,MZS,MURKEONG SELEK
5866,MZS - RNY PA,53,RNY,RANGIYA JN.,17:45:00,17:45:00,425,MZS,MURKEONG SELEK,RNY,RANGIYA JN.
6001,MS-TEN SPECI,14,TEN,TIRUNELVELI,10:30:00,10:30:00,649,MS,CHENNAI EGMORE,TEN,TIRUNELVELI JN
6002,TEN - MS SPE,15,MS,CHENNAI EGMO,03:30:00,03:30:00,649,TEN,TIRUNELVELI JN,MS,CHENNAI EGMORE
6006,ERS-MAS SPL,14,MAS,CHENNAI CENT,10:30:00,10:30:00,699,ERS,ERNAKULAM. JN,MAS,CHENNAI CENTRAL
6009,SRC-PDY SPL,27,PDY,PONDICHERRY,20:15:00,20:15:00,1844,SRC,SANTRAGACHI JN.,PDY,PONDICHERRY
6010,PDY-SRC SPL,27,SRC,SANTRAGACHI,04:30:00,04:30:00,1843,PDY,PONDICHERRY,SRC,SANTRAGACHI JN.
6041,MAS-QLN SPEC,19,QLN,QUILON,11:00:00,11:00:00,849,MAS,CHENNAI CENTRAL,QLN,QUILON
6042,QLN-MAS SPEC,20,MAS,CHENNAI CENT,08:30:00,08:30:00,851,QLN,QUILON,MAS,CHENNAI CENTRAL
6043,MAS-QLN SPL,18,QLN,QUILON,14:30:00,14:30:00,849,MAS,CHENNAI CENTRAL,QLN,QUILON
6044,QLN-MAS  SPL,19,MAS,CHENNAI CENT,07:20:00,07:20:00,852,QLN,QUILON,MAS,CHENNAI CENTRAL
6046,QLN-MAS SPEC,19,MAS,CHENNAI CENT,08:45:00,08:45:00,852,QLN,QUILON,MAS,CHENNAI CENTRAL
6047,MAS-QLN SPL,19,QLN,QUILON,10:30:00,10:30:00,849,MAS,CHENNAI CENTRAL,QLN,QUILON
6048,QLN- MAS SPL,20,MAS,CHENNAI CENT,06:30:00,06:30:00,852,QLN,QUILON,MAS,CHENNAI CENTRAL
6049,MS-QLN SPL F,19,QLN,QUILON,05:50:00,05:50:00,855,MS,CHENNAI EGMORE,QLN,QUILON
6050,QLN-MS  SPL,20,MS,CHENNAI EGMO,05:30:00,05:30:00,857,QLN,QUILON,MS,CHENNAI EGMORE
6053,KCVL-MAJN S/,14,MAJN,MANGALORE JN,05:10:00,05:10:00,626,KCVL,KOCHUVELI,MAJN,MANGALORE JN
6054,MAJN-KCVL S/,14,KCVL,KOCHUVELI,05:00:00,05:00:00,627,MAJN,MANGALORE JN,KCVL,KOCHUVELI
6057,SRC-MAS  SPL,19,MAS,CHENNAI CENT,05:30:00,05:30:00,1656,SRC,SANTRAGACHI JN.,MAS,CHENNAI CENTRAL
6058,MAS-SRC  EXP,19,SRC,SANTRAGACHI,19:00:00,19:00:00,1655,MAS,CHENNAI CENTRAL,SRC,SANTRAGACHI JN.
6065,CGL-MDU SPL,13,MDU,MADURAI JN,06:45:00,06:45:00,500,CGL,CHENGALPATTU,MDU,MADURAI JN
6066,MDU-CGL SPL,13,CGL,CHENGALPATTU,02:30:00,02:30:00,501,MDU,MADURAI JN,CGL,CHENGALPATTU
6067,CGL-CBE TRI-,9,CBE,COIMBATORE,05:40:00,05:40:00,522,CGL,CHENGALPATTU,CBE,COIMBATORE  JN.
6068,CBE-CGL TRI-,9,CGL,CHENGALPATTU,05:25:00,05:25:00,522,CBE,COIMBATORE  JN.,CGL,CHENGALPATTU
6081,CBE-POY PASS,4,POY,POLLACHI,14:45:00,00:00:00,45,CBE,COIMBATORE  JN.,POY,POLLACHI
6082,POY-CBE PASS,4,CBE,COIMBATORE,16:15:00,00:00:00,45,POY,POLLACHI,CBE,COIMBATORE  JN.
6412,DSJ-PAY EZHI,21,PAY,PAYYANUR,16:20:00,00:00:00,2462,DSJ,DELHI-SAFDAR JANG,PAY,PAYYANUR
6512,MKM-BAND ONE,14,BAND,BANASWADI,10:20:00,00:00:00,77,MKM,MARIKUPPAM,BAND,BANASWADI
6513,BWT-MKM-MEMU,6,MKM,MARIKUPPAM,07:45:00,00:00:00,17,BWT,BANGARPET JN.,MKM,MARIKUPPAM
6541,YPR-PVR WEEK,14,PVR,PANDHARPUR,11:35:00,11:35:00,881,YPR,YESVANTPUR JN.,PVR,PANDHARPUR
6542,PVR-YPR WEEK,14,YPR,YESVANTPUR J,06:20:00,06:20:00,878,PVR,PANDHARPUR,YPR,YESVANTPUR JN.
6547,YPR-ERS WEEK,14,ERS,ERNAKULAM. J,10:30:00,00:00:00,632,YPR,YESVANTPUR JN.,ERS,ERNAKULAM. JN
6548,ERS-YPR WEEK,13,YPR,YESVANTPUR J,04:30:00,04:30:00,634,ERS,ERNAKULAM. JN,YPR,YESVANTPUR JN.
6579,YPR-VSKP WKY,21,VSKP,VISAKHAPATNA,14:35:00,14:35:00,1089,YPR,YESVANTPUR JN.,VSKP,VISAKHAPATNAM
6580,VSKP-YPR WKY,21,YPR,YESVANTPUR J,09:05:00,09:05:00,1086,VSKP,VISAKHAPATNAM,YPR,YESVANTPUR JN.
6581,YPR-BGM TATK,85,BGM,BELGAUM,09:31:00,09:31:00,607,YPR,YESVANTPUR JN.,BGM,BELGAUM
6582,BGM-YPR TATK,85,YPR,YESVANTPUR J,08:26:00,08:26:00,604,BGM,BELGAUM,YPR,YESVANTPUR JN.
6591,YPR-HSRA PAS,9,HSRA,HOSUR,08:00:00,00:00:00,62,YPR,YESVANTPUR JN.,HSRA,HOSUR
6592,HSRA-YPR PAS,9,YPR,YESVANTPUR J,09:50:00,00:00:00,61,HSRA,HOSUR,YPR,YESVANTPUR JN.
6593,WFD-BYPL DEM,4,BYPL,BAIYYAPPANAH,18:40:00,00:00:00,10,WFD,WHITE FIELD,BYPL,BAIYYAPPANAHALLI
6594,BYPL-WFD DEM,4,WFD,WHITE FIELD,08:50:00,00:00:00,10,BYPL,BAIYYAPPANAHALLI,WFD,WHITE FIELD
6595,YPR-CBP PASS,7,DHL,DEVANHALLI,11:25:00,00:00:00,33,YPR,YESVANTPUR JN.,DHL,DEVANHALLI
6596,CBP-YPR PASS,7,YPR,YESVANTPUR J,14:25:00,00:00:00,33,DHL,DEVANHALLI,YPR,YESVANTPUR JN.
6647,KRBA-BSP PAS,8,BSP,BILASPUR JN.,07:40:00,07:40:00,89,KRBA,KORBA,BSP,BILASPUR JN.
6648,BSP-KRRBA PA,8,KRBA,KORBA,18:30:00,18:30:00,89,BSP,BILASPUR JN.,KRBA,KORBA
6769,PGTN-PLNI PA,11,PLNI,PALANI,07:30:00,07:30:00,116,PGTN,PALGHAT TOWN,PLNI,PALANI
6770,PLNI-PGTN PA,11,PGTN,PALGHAT TOWN,22:30:00,22:30:00,116,PLNI,PALANI,PGTN,PALGHAT TOWN
6851,KIK-NCR DEMU,3,NCR,NAGORE,06:20:00,00:00:00,10,KIK,KARAIKAL,NCR,NAGORE
6852,NCR-KIK DEMU,3,KIK,KARAIKAL,21:30:00,00:00:00,10,NCR,NAGORE,KIK,KARAIKAL
6853,KIK-NCR PASS,3,NCR,NAGORE,15:08:00,00:00:00,10,KIK,KARAIKAL,NCR,NAGORE
6854,NCR-KIK PASS,3,KIK,KARAIKAL,14:35:00,00:00:00,10,NCR,NAGORE,KIK,KARAIKAL
6919,UBL-BJP SPL,32,KDGI,KUDGI H,12:12:00,12:13:00,208,UBL,HUBLI JN.,BJP,BIJAPUR JN
6919,UBL-BJP SPL,38,BJP,BIJAPUR JN,13:21:00,13:21:00,247,UBL,HUBLI JN.,BJP,BIJAPUR JN
6920,BJP-UBL SPL,38,UBL,HUBLI JN.,20:21:00,20:21:00,248,BJP,BIJAPUR JN,UBL,HUBLI JN.
7005,HYB-RXL,34,RXL,RAXAUL JN.,17:30:00,17:30:00,2276,HYB,HYDERABAD DECCAN,RXL,RAXAUL JN.
7007,SC-DBG,27,DBG,DARBHANGA JN,13:45:00,13:45:00,2023,SC,SECUNDERABAD JN.,DBG,DARBHANGA JN.
7008,DBG-SC,28,SC,SECUNDERABAD,22:10:00,22:10:00,2033,DBG,DARBHANGA JN.,SC,SECUNDERABAD JN.
7016,KCG-VSKP,18,VSKP,VISAKHAPATNA,07:50:00,07:50:00,670,KCG,KACHEGUDA,VSKP,VISAKHAPATNAM
7044,VSKP HSP,11,VSKP,VISAKHAPATNA,07:50:00,07:50:00,735,TPTY,TIRUPATI,VSKP,VISAKHAPATNAM
7061,COA-VLNK,8,BZA,VIJAYWADA JN,13:30:00,13:30:00,217,COA,KAKINADA PORT,BZA,VIJAYWADA JN.
7062,VLNK-BZA,14,TPTY,TIRUPATI,03:30:00,00:00:00,437,BZA,VIJAYWADA JN.,COA,KAKINADA PORT
7075,HYB-COA,17,CCT,KAKINADA TOW,05:30:00,05:30:00,554,SC,SECUNDERABAD JN.,CCT,KAKINADA TOWN
7076,COA-HYB,17,SC,SECUNDERABAD,06:00:00,06:00:00,553,CCT,KAKINADA TOWN,SC,SECUNDERABAD JN.
7109,HYB-QLN,40,QLN,QUILON,23:10:00,23:10:00,1589,HYB,HYDERABAD DECCAN,QLN,QUILON
7110,QLN-HYB,40,HYB,HYDERABAD DE,10:30:00,10:30:00,1593,QLN,QUILON,HYB,HYDERABAD DECCAN
7134,QLN-GNT-HYB,39,HYB,HYDERABAD DE,10:30:00,10:30:00,1511,QLN,QUILON,HYB,HYDERABAD DECCAN
7141,HYB-QLN,39,QLN,QUILON,23:10:00,23:10:00,1560,HYB,HYDERABAD DECCAN,QLN,QUILON
7142,QLN-HYB,39,HYB,HYDERABAD DE,08:30:00,08:30:00,1563,QLN,QUILON,HYB,HYDERABAD DECCAN
7211,CCT-QLN,36,QLN,QUILON,06:30:00,06:30:00,1433,CCT,KAKINADA TOWN,QLN,QUILON
7212,QLN-COA,36,CCT,KAKINADA TOW,13:30:00,13:30:00,1436,QLN,QUILON,CCT,KAKINADA TOWN
7217,NS-QLN,37,QLN,QUILON,06:30:00,06:30:00,1360,NS,NARASAPUR,QLN,QUILON
7218,QLN-NS,37,NS,NARASAPUR,13:45:00,13:45:00,1363,QLN,QUILON,NS,NARASAPUR
7410,TPTY-AK,29,AWB,AURANGABAD,09:30:00,09:30:00,1147,TPTY,TIRUPATI,AWB,AURANGABAD
7417,TPTY-NSL HSP,33,NSL,NAGARSOL,11:55:00,11:55:00,1330,TPTY,TIRUPATI,NSL,NAGARSOL
7418,NSL-TPTY HSP,33,TPTY,TIRUPATI,04:00:00,04:00:00,1331,NSL,NAGARSOL,TPTY,TIRUPATI
7425,KCG--COA HSP,15,COA,KAKINADA POR,06:00:00,06:00:00,537,KCG,KACHEGUDA,COA,KAKINADA PORT
7426,COA-KCG HSP,15,KCG,KACHEGUDA,05:10:00,05:10:00,537,COA,KAKINADA PORT,KCG,KACHEGUDA
7429,SC-TPTY,11,TPTY,TIRUPATI,07:00:00,07:00:00,742,SC,SECUNDERABAD JN.,TPTY,TIRUPATI
7430,TPTY-SC,11,SC,SECUNDERABAD,04:00:00,04:00:00,744,TPTY,TIRUPATI,SC,SECUNDERABAD JN.
7431,CCT-TPTY,13,TPTY,TIRUPATI,07:10:00,07:10:00,597,CCT,KAKINADA TOWN,TPTY,TIRUPATI
7432,TPTY-CCT,14,CCT,KAKINADA TOW,04:00:00,04:00:00,597,TPTY,TIRUPATI,CCT,KAKINADA TOWN
7435,COA-HYB,14,SC,SECUNDERABAD,06:00:00,06:00:00,555,CCT,KAKINADA TOWN,SC,SECUNDERABAD JN.
7436,SC-COA,15,CCT,KAKINADA TOW,07:20:00,07:20:00,554,SC,SECUNDERABAD JN.,CCT,KAKINADA TOWN
7438,KCG-TATA HSP,28,TATA,TATANAGAR JN,19:45:00,19:45:00,1533,KCG,KACHEGUDA,TATA,TATANAGAR JN
7439,TATA-KCG HSP,28,KCG,KACHEGUDA,05:00:00,05:00:00,1533,TATA,TATANAGAR JN,KCG,KACHEGUDA
7487,TPTY-VSKP,11,VSKP,VISAKHAPATNA,10:45:00,10:45:00,735,TPTY,TIRUPATI,VSKP,VISAKHAPATNAM
7505,AWB-QLN,49,QLN,QUILON,03:45:00,03:45:00,1973,AWB,AURANGABAD,QLN,QUILON
7509,ADB-QLN,47,QLN,QUILON,03:45:00,03:45:00,1886,ADB,ADILABAD,QLN,QUILON
7517,BIDAR-PVR,9,PVR,PANDHARPUR,07:45:00,07:45:00,350,BIDR,BIDAR,PVR,PANDHARPUR
7525,NJP - NBQ DE,33,NBQ,NEW BONGAIGA,21:15:00,21:15:00,322,SGUJ,SILIGURI JN.,NBQ,NEW BONGAIGAON  JN.
7526,NBQ - NJP DE,33,SGUJ,SILIGURI JN.,15:00:00,15:00:00,322,NBQ,NEW BONGAIGAON  JN.,SGUJ,SILIGURI JN.
7603,KCG-KJM HSP,14,KJM,KRISHNA RAJA,06:00:00,06:00:00,624,KCG,KACHEGUDA,KJM,KRISHNA RAJA PURAM
7604,KJM-KCG HSP,14,KCG,KACHEGUDA,06:55:00,06:55:00,624,KJM,KRISHNA RAJA PURAM,KCG,KACHEGUDA
7607,NED-TPTY HOL,19,TPTY,TIRUPATI,14:00:00,14:00:00,1014,NED,NANDED,TPTY,TIRUPATI
7608,TPTY-NED,19,NED,NANDED,11:30:00,11:30:00,1016,TPTY,TIRUPATI,NED,NANDED
7613,sabarimalai,38,QLN,QUILON,23:10:00,23:10:00,1636,NZB,NIZAMABAD,QLN,QUILON
7614,sabarimalai,39,NZB,NIZAMABAD,13:15:00,13:15:00,1641,QLN,QUILON,NZB,NIZAMABAD
7644,tpty spl,11,TPTY,TIRUPATI,07:45:00,07:45:00,597,CCT,KAKINADA TOWN,TPTY,TIRUPATI
7645,RU-CCT,10,CCT,KAKINADA TOW,08:15:00,08:15:00,587,RU,RENIGUNTA JN.,CCT,KAKINADA TOWN
7757,SC-BZA  SPL,6,BZA,VIJAYWADA JN,10:45:00,10:45:00,314,SC,SECUNDERABAD JN.,BZA,VIJAYWADA JN.
7758,BZA-SC  SPL,6,SC,SECUNDERABAD,22:50:00,22:50:00,314,BZA,VIJAYWADA JN.,SC,SECUNDERABAD JN.
7941,CCT-TPTY HSP,12,RU,RENIGUNTA JN,06:00:00,06:00:00,587,CCT,KAKINADA TOWN,RU,RENIGUNTA JN.
7942,TPTY-COASPL,13,CCT,KAKINADA TOW,05:30:00,05:30:00,597,TPTY,TIRUPATI,CCT,KAKINADA TOWN
8001,KGP-JGM BI-W,2,JGM,JHARGRAM,10:45:00,10:45:00,39,KGP,KHARAGPUR,JGM,JHARGRAM
8002,JGM-KGP BI-W,2,KGP,KHARAGPUR,19:10:00,19:10:00,39,JGM,JHARGRAM,KGP,KHARAGPUR
8014,MDN-KGP MEMU,4,KGP,KHARAGPUR,09:05:00,09:05:00,12,MDN,MIDNAPORE,KGP,KHARAGPUR
8017,KGP-JGM MEMU,6,JGM,JHARGRAM,06:00:00,06:00:00,39,KGP,KHARAGPUR,JGM,JHARGRAM
8018,JGM-KGP MEMU,6,KGP,KHARAGPUR,22:35:00,22:35:00,39,JGM,JHARGRAM,KGP,KHARAGPUR
8035,BLS - KGP DE,19,BLS,BALASORE,15:10:00,15:10:00,120,KGP,KHARAGPUR,BLS,BALASORE
8036,BLS - KGP ME,19,KGP,KHARAGPUR,18:20:00,18:20:00,120,BLS,BALASORE,KGP,KHARAGPUR
8052,JGM KGP MEMU,5,KGP,KHARAGPUR,19:20:00,19:20:00,39,JGM,JHARGRAM,KGP,KHARAGPUR
8061,SHM JP SPL W,24,JP,JAIPUR JN.,06:35:00,06:35:00,1847,SHM,SHALIMAR,JP,JAIPUR JN.
8062,JP SHM SPL W,24,SHM,SHALIMAR,23:20:00,23:20:00,1838,JP,JAIPUR JN.,SHM,SHALIMAR
8063,KGP-BQA DEMU,17,BQA,BANKURA,22:00:00,22:00:00,115,KGP,KHARAGPUR,BQA,BANKURA
8064,BQA-KGP DEMU,16,HWH,HOWRAH JN.,09:10:00,00:00:00,2039,BQA,BANKURA,KGP,KHARAGPUR
8065,KGP-BQA MEMU,17,BQA,BANKURA,17:50:00,17:50:00,115,KGP,KHARAGPUR,BQA,BANKURA
8082,BQA-VSU MEMU,6,VSU,BISHNUPUR,22:50:00,22:50:00,30,BQA,BANKURA,VSU,BISHNUPUR
8087,VSU-BQA MEMU,6,BQA,BANKURA,07:23:00,07:23:00,30,VSU,BISHNUPUR,BQA,BANKURA
8101,CBSA CKP DEM,5,CKP,CHAKARADHARP,22:35:00,22:35:00,40,CBSA,CHAIBASA,CKP,CHAKARADHARPUR
8102,CKP-CBSA DEM,5,CBSA,CHAIBASA,20:55:00,20:55:00,40,CKP,CHAKARADHARPUR,CBSA,CHAIBASA
8301,SBP-BAND WEE,15,BAND,BANASWADI,16:40:00,16:40:00,1567,SBP,SAMBALPUR JN.,BAND,BANASWADI
8302,BAND-SBP WEE,15,SBP,SAMBALPUR JN,06:35:00,06:35:00,1567,BAND,BANASWADI,SBP,SAMBALPUR JN.
8403,PURI-SRC WEE,9,SRC,SANTRAGACHI,06:45:00,06:45:00,495,PURI,PURI,SRC,SANTRAGACHI JN.
8404,SRC-PURI WEE,9,PURI,PURI,04:00:00,04:00:00,497,SRC,SANTRAGACHI JN.,PURI,PURI
8501,VSKP SC WEEK,13,SC,SECUNDERABAD,12:00:00,12:00:00,700,VSKP,VISAKHAPATNAM,SC,SECUNDERABAD JN.
8502,SC VSKP SPEC,13,VSKP,VISAKHAPATNA,04:50:00,04:50:00,698,SC,SECUNDERABAD JN.,VSKP,VISAKHAPATNAM
8511,KRDL-VSKP SP,12,VSKP,VISAKHAPATNA,03:00:00,03:00:00,471,KRDL,KIRANDUL,VSKP,VISAKHAPATNAM
8512,VSKP-KRDL SP,12,KRDL,KIRANDUL,10:00:00,10:00:00,471,VSKP,VISAKHAPATNAM,KRDL,KIRANDUL
8567,VSKP-QLN BI-,29,QLN,QUILON,03:45:00,03:45:00,1571,VSKP,VISAKHAPATNAM,QLN,QUILON
8568,QLN-VSKP BI-,29,VSKP,VISAKHAPATNA,12:30:00,12:30:00,1578,QLN,QUILON,VSKP,VISAKHAPATNAM
8573,VSKP-TPTY WE,15,TPTY,TIRUPATI,13:25:00,13:25:00,760,VSKP,VISAKHAPATNAM,TPTY,TIRUPATI
8574,TPTY-VSKP SP,15,VSKP,VISAKHAPATNA,06:50:00,06:50:00,759,TPTY,TIRUPATI,VSKP,VISAKHAPATNAM
8581,BPQ CAF PASS,2,CAF,CHANDAFORT,23:50:00,23:50:00,11,BPQ,BALHARSHAH,CAF,CHANDAFORT
8582,CAF BPQ SPL,2,BPQ,BALHARSHAH,05:00:00,05:00:00,11,CAF,CHANDAFORT,BPQ,BALHARSHAH
8617,RNC ANVT SPL,15,ANVT,ANAND VIHAR,13:55:00,13:55:00,1365,RNC,RANCHI,ANVT,ANAND VIHAR TERMINAL
8618,ANVT RNC SPL,15,RNC,RANCHI,22:30:00,22:30:00,1356,ANVT,ANAND VIHAR TERMINAL,RNC,RANCHI
8627,HWH RNC SPL,13,RNC,RANCHI,22:10:00,22:10:00,484,HWH,HOWRAH JN.,RNC,RANCHI
8628,RNC HWH  SPL,14,HWH,HOWRAH JN.,15:15:00,15:15:00,481,RNC,RANCHI,HWH,HOWRAH JN.
8872,DURG-G PASS,17,G,GONDIA JN.,00:15:00,00:15:00,133,DURG,DURG,G,GONDIA JN.
9003,BDTS NZM  SF,5,NZM,HAZRAT NIZAM,06:00:00,06:00:00,1355,BDTS,BANDRA TERMINUS,NZM,HAZRAT NIZAMUDDIN JN
9004,NZM  BDTS SF,5,BDTS,BANDRA TERMI,06:10:00,06:10:00,1358,NZM,HAZRAT NIZAMUDDIN JN,BDTS,BANDRA TERMINUS
9005,BCT NDLS BI,4,NDLS,NEW DELHI,07:55:00,07:55:00,1373,BCT,MUMBAI CENTRAL,NDLS,NEW DELHI
9006,NDLS BCT BI,4,BCT,MUMBAI CENTR,06:55:00,06:55:00,1376,NDLS,NEW DELHI,BCT,MUMBAI CENTRAL
9011,BDTS BKN WEE,20,BKN,BIKANER JN.,09:25:00,09:25:00,1209,BDTS,BANDRA TERMINUS,BKN,BIKANER JN.
9012,BKN BDTS WEE,20,BDTS,BANDRA TERMI,12:45:00,12:45:00,1211,BKN,BIKANER JN.,BDTS,BANDRA TERMINUS
9433,BDTS GIMB WE,14,GIMB,GANDHIDHAM J,13:50:00,13:50:00,780,BDTS,BANDRA TERMINUS,GIMB,GANDHIDHAM JN.
9434,GIMB BDTS WE,14,BDTS,BANDRA TERMI,06:15:00,06:15:00,780,GIMB,GANDHIDHAM JN.,BDTS,BANDRA TERMINUS
9621,AII BDTS SF,12,BDTS,BANDRA TERMI,04:45:00,04:45:00,1281,AII,AJMER JN.,BDTS,BANDRA TERMINUS
9622,BDTS AII SF,12,AII,AJMER JN.,03:25:00,03:25:00,1281,BDTS,BANDRA TERMINUS,AII,AJMER JN.
9721,JP UDZ SF SP,12,UDZ,UDAIPUR CITY,13:30:00,13:30:00,429,JP,JAIPUR JN.,UDZ,UDAIPUR CITY
9722,UDZ JP SF SP,12,JP,JAIPUR JN.,22:05:00,22:05:00,429,UDZ,UDAIPUR CITY,JP,JAIPUR JN.
9761,SGNR-SOG SPL,13,SOG,SURATGARH JN,07:05:00,07:05:00,125,SGNR,SHRI GANGANAGAR,SOG,SURATGARH JN.
9809,KOTA-NZM DAI,11,NZM,HAZRAT NIZAM,04:20:00,04:20:00,447,KOTA,KOTA,NZM,HAZRAT NIZAMUDDIN JN
9810,NZM-KOTA DAI,11,KOTA,KOTA,13:15:00,13:15:00,450,NZM,HAZRAT NIZAMUDDIN JN,KOTA,KOTA
10103,MANDOVI EXPR,20,MAO,MADGOAN JN.,18:45:00,18:45:00,590,CSMT,CST-MUMBAI,MAO,MADGOAN JN.
10104,MANDOVI EXPR,20,CSMT,CST-MUMBAI,21:40:00,21:40:00,594,MAO,MADGOAN JN.,CSMT,CST-MUMBAI
10111,KONKAN KANYA,20,MAO,MADGOAN JN.,10:45:00,10:45:00,590,CSMT,CST-MUMBAI,MAO,MADGOAN JN.
10112,KONKAN KANYA,20,CSMT,CST-MUMBAI,05:50:00,05:50:00,594,MAO,MADGOAN JN.,CSMT,CST-MUMBAI
10215,MAO-ERS,13,ERS,ERNAKULAM. J,10:55:00,10:55:00,726,MAO,MADGOAN JN.,ERS,ERNAKULAM. JN
10216,ERS-MAO SPL,13,MAO,MADGOAN JN.,03:15:00,03:15:00,727,ERS,ERNAKULAM. JN,MAO,MADGOAN JN.
11001,SNSI-PVR EXP,12,PVR,PANDHARPUR,12:15:00,12:15:00,348,SNSI,SAI NAGAR SHIRDI,PVR,PANDHARPUR
11002,PVR-SNSI EXP,12,SNSI,SAI NAGAR SH,20:25:00,20:25:00,348,PVR,PANDHARPUR,SNSI,SAI NAGAR SHIRDI
11003,DR-SWV TUTAR,21,SWV,SAWANTWADI R,10:40:00,10:40:00,502,DR,DADAR,SWV,SAWANTWADI ROAD
11004,SWV-DR TUTAR,21,DR,DADAR,06:45:00,06:45:00,504,SWV,SAWANTWADI ROAD,DR,DADAR
11005,DR-PDY EXPRE,39,PDY,PONDICHERRY,07:15:00,07:15:00,1636,DR,DADAR,PDY,PONDICHERRY
11006,CHALUKYA EXP,38,DR,DADAR,05:40:00,05:40:00,1639,PDY,PONDICHERRY,DR,DADAR
11007,DECCAN EXPRE,12,PUNE,PUNE JN.,11:05:00,11:05:00,191,CSMT,CST-MUMBAI,PUNE,PUNE JN.
11008,DECCAN EXPRE,11,CSMT,CST-MUMBAI,19:17:00,19:17:00,191,PUNE,PUNE JN.,CSMT,CST-MUMBAI
11009,SINHAGAD EXP,12,PUNE,PUNE JN.,18:40:00,18:40:00,191,CSMT,CST-MUMBAI,PUNE,PUNE JN.
11010,SINHAGAD EXP,11,CSMT,CST-MUMBAI,09:55:00,09:55:00,191,PUNE,PUNE JN.,CSMT,CST-MUMBAI
11011,LTT-NED EXPR,16,NED,NANDED,04:45:00,04:45:00,723,LTT,LOKMANYA TILAK TERMINUS,NED,NANDED
11012,NED-LTT  EXP,16,LTT,LOKMANYA TIL,23:45:00,23:45:00,723,NED,NANDED,LTT,LOKMANYA TILAK TERMINUS
11013,COIMBATORE E,34,CBE,COIMBATORE,07:15:00,07:15:00,1515,LTT,LOKMANYA TILAK TERMINUS,CBE,COIMBATORE  JN.
11014,LOKMANYA TT,34,LTT,LOKMANYA TIL,14:30:00,00:00:00,1515,CBE,COIMBATORE  JN.,LTT,LOKMANYA TILAK TERMINUS
11015,KUSHINAGAR E,47,GKP,GORAKHPUR JN,07:05:00,07:05:00,1678,LTT,LOKMANYA TILAK TERMINUS,GKP,GORAKHPUR JN.
11016,KUSHINAGAR E,46,LTT,LOKMANYA TIL,04:20:00,04:20:00,1677,GKP,GORAKHPUR JN.,LTT,LOKMANYA TILAK TERMINUS
11017,LTT-KIK WEEK,30,KIK,KARAIKAL,18:35:00,18:35:00,1631,LTT,LOKMANYA TILAK TERMINUS,KIK,KARAIKAL
11018,KARAIKAL LTT,30,LTT,LOKMANYA TIL,23:45:00,23:45:00,1634,KIK,KARAIKAL,LTT,LOKMANYA TILAK TERMINUS
11019,KONARK EXPRE,39,BBS,BHUBANESWAR,04:15:00,04:15:00,1941,CSMT,CST-MUMBAI,BBS,BHUBANESWAR
11020,KONARK EXPRE,40,CSMT,CST-MUMBAI,03:55:00,03:55:00,1941,BBS,BHUBANESWAR,CSMT,CST-MUMBAI
11021,DR-TEN EXPRE,40,TEN,TIRUNELVELI,11:45:00,11:45:00,1843,DR,DADAR,TEN,TIRUNELVELI JN
11022,TEN - DR EXP,39,DR,DADAR,05:40:00,00:00:00,1845,TEN,TIRUNELVELI JN,DR,DADAR
11023,SAHYADRI EXP,28,KOP,CHHATRAPATI,06:05:00,06:05:00,517,CSMT,CST-MUMBAI,KOP,CHHATRAPATI SHAHU MAHARAJ TERMINUS
11027,CSMT-MAS MAI,52,MAS,CHENNAI CENT,03:30:00,03:30:00,1281,CSMT,CST-MUMBAI,MAS,CHENNAI CENTRAL
11028,MAS-CSMT MUM,52,CSMT,CST-MUMBAI,03:45:00,03:45:00,1283,MAS,CHENNAI CENTRAL,CSMT,CST-MUMBAI
11029,KOYNA EXPRES,35,KOP,CHHATRAPATI,20:25:00,20:25:00,517,CSMT,CST-MUMBAI,KOP,CHHATRAPATI SHAHU MAHARAJ TERMINUS
11030,KOYNA EXPRES,34,CSMT,CST-MUMBAI,20:05:00,20:05:00,517,KOP,CHHATRAPATI SHAHU MAHARAJ TERMINUS,CSMT,CST-MUMBAI
11031,SUR-BJP EPXR,5,BJP,BIJAPUR JN,12:20:00,12:20:00,108,SUR,SOLAPUR,BJP,BIJAPUR JN
11032,BJP-SUR EXPR,5,SUR,SOLAPUR,17:40:00,17:40:00,108,BJP,BIJAPUR JN,SUR,SOLAPUR
11033,PUNE-DBG EXP,30,DBG,DARBHANGA JN,06:45:00,00:00:00,1955,PUNE,PUNE JN.,DBG,DARBHANGA JN.
11034,DBG-PUNE EXP,30,PUNE,PUNE JN.,08:05:00,08:05:00,1953,DBG,DARBHANGA JN.,PUNE,PUNE JN.
11035,SHARAVATHI E,27,MYS,MYSORE JN.,21:40:00,21:40:00,1210,DR,DADAR,MYS,MYSORE JN.
11036,SHARAVATI EX,26,DR,DADAR,05:40:00,05:40:00,1213,MYS,MYSORE JN.,DR,DADAR
11037,PUNE-GKP EXP,17,GKP,GORAKHPUR JN,01:05:00,01:05:00,1777,PUNE,PUNE JN.,GKP,GORAKHPUR JN.
11038,GKP-PUNE EXP,17,PUNE,PUNE JN.,04:05:00,00:00:00,1777,GKP,GORAKHPUR JN.,PUNE,PUNE JN.
11039,MAHARASHTRA,62,G,GONDIA JN.,20:15:00,00:00:00,1352,KOP,CHHATRAPATI SHAHU MAHARAJ TERMINUS,G,GONDIA JN.
11040,MAHARASHTRA,60,KOP,CHHATRAPATI,12:45:00,12:45:00,1353,G,GONDIA JN.,KOP,CHHATRAPATI SHAHU MAHARAJ TERMINUS
11041,CSMT -MAS EX,36,MAS,CHENNAI CENT,16:30:00,16:30:00,1281,CSMT,CST-MUMBAI,MAS,CHENNAI CENTRAL
11042,MAS-CSMT MUM,34,CSMT,CST-MUMBAI,13:35:00,13:35:00,1283,MAS,CHENNAI CENTRAL,CSMT,CST-MUMBAI
11043,LTT-MADURAI,27,MDU,MADURAI JN,10:10:00,10:10:00,1696,LTT,LOKMANYA TILAK TERMINUS,MDU,MADURAI JN
11044,LOKAMANYA TT,26,LTT,LOKMANYA TIL,05:45:00,05:45:00,1700,MDU,MADURAI JN,LTT,LOKMANYA TILAK TERMINUS
11045,DIKSHABHOOMI,39,DHN,DHANBAD JN.,12:00:00,00:00:00,2894,KOP,CHHATRAPATI SHAHU MAHARAJ TERMINUS,DHN,DHANBAD JN.
11046,DIKSHABHUMI,39,KOP,CHHATRAPATI,03:35:00,03:35:00,2892,DHN,DHANBAD JN.,KOP,CHHATRAPATI SHAHU MAHARAJ TERMINUS
11047,MRJ UBL EXP,12,UBL,HUBLI JN.,06:25:00,06:25:00,278,MRJ,MIRAJ JN.,UBL,HUBLI JN.
11048,UBL MRJ EXPR,12,MRJ,MIRAJ JN.,05:15:00,05:15:00,279,UBL,HUBLI JN.,MRJ,MIRAJ JN.
11049,ADI-KOP EXPR,18,KOP,CHHATRAPATI,15:25:00,00:00:00,949,ADI,AHMEDABAD,KOP,CHHATRAPATI SHAHU MAHARAJ TERMINUS
11050,KOP-ADI EXPR,18,ADI,AHMEDABAD,07:45:00,07:45:00,949,KOP,CHHATRAPATI SHAHU MAHARAJ TERMINUS,ADI,AHMEDABAD
11051,SUR - KOP EX,9,KOP,CHHATRAPATI,06:20:00,06:20:00,314,SUR,SOLAPUR,KOP,CHHATRAPATI SHAHU MAHARAJ TERMINUS
11052,KOP - SUR EX,9,SUR,SOLAPUR,07:30:00,07:30:00,314,KOP,CHHATRAPATI SHAHU MAHARAJ TERMINUS,SUR,SOLAPUR
11053,LTT-AMH EXPR,17,AMH,AZAMGARH,02:10:00,00:00:00,1552,LTT,LOKMANYA TILAK TERMINUS,AMH,AZAMGARH
11054,AMH-LTT EXPR,17,LTT,LOKMANYA TIL,12:15:00,12:15:00,1551,AMH,AZAMGARH,LTT,LOKMANYA TILAK TERMINUS
11055,GODAN EXPRES,23,GKP,GORAKHPUR JN,20:20:00,00:00:00,1732,LTT,LOKMANYA TILAK TERMINUS,GKP,GORAKHPUR JN.
11056,GODAN EXPRES,23,LTT,LOKMANYA TIL,16:15:00,16:15:00,1732,GKP,GORAKHPUR JN.,LTT,LOKMANYA TILAK TERMINUS
11057,AMRITSAR EXP,90,ASR,AMRITSAR JN.,16:30:00,16:30:00,2026,CSMT,CST-MUMBAI,ASR,AMRITSAR JN.
11058,ASR CSMT EXP,91,CSMT,CST-MUMBAI,04:05:00,04:05:00,2029,ASR,AMRITSAR JN.,CSMT,CST-MUMBAI
11059,CHHAPRA EXPR,24,CPR,CHHAPRA JN.,21:05:00,00:00:00,1772,LTT,LOKMANYA TILAK TERMINUS,CPR,CHHAPRA JN.
11060,CPR LTT EXPR,24,LTT,LOKMANYA TIL,16:15:00,16:15:00,1770,CPR,CHHAPRA JN.,LTT,LOKMANYA TILAK TERMINUS
11061,LTT-DBG  EXP,41,DBG,DARBHANGA JN,01:10:00,01:10:00,1885,LTT,LOKMANYA TILAK TERMINUS,DBG,DARBHANGA JN.
11062,DBG  LTT EXP,39,LTT,LOKMANYA TIL,03:40:00,03:40:00,1883,DBG,DARBHANGA JN.,LTT,LOKMANYA TILAK TERMINUS
11063,MS SA SUPER,14,SA,SALEM JN.,05:20:00,05:20:00,352,MS,CHENNAI EGMORE,SA,SALEM JN.
11064,SA MS SUPERF,14,MS,CHENNAI EGMO,03:45:00,03:45:00,352,SA,SALEM JN.,MS,CHENNAI EGMORE
11067,SAKET EXPRES,20,FD,FAIZABAD JN.,08:55:00,00:00:00,1510,LTT,LOKMANYA TILAK TERMINUS,FD,FAIZABAD JN.
11068,SAKET EXPRES,20,LTT,LOKMANYA TIL,21:30:00,21:30:00,1509,FD,FAIZABAD JN.,LTT,LOKMANYA TILAK TERMINUS
11071,KAMAYANI EXP,43,BSB,VARANASI JN.,19:25:00,19:25:00,1645,LTT,LOKMANYA TILAK TERMINUS,BSB,VARANASI JN.
11072,KAMAYANI EXP,41,LTT,LOKMANYA TIL,22:50:00,22:50:00,1647,BSB,VARANASI JN.,LTT,LOKMANYA TILAK TERMINUS
11073,LTT-MAS EXPR,18,MAS,CHENNAI CENT,12:55:00,12:55:00,1265,LTT,LOKMANYA TILAK TERMINUS,MAS,CHENNAI CENTRAL
11074,CHENNAI - LT,17,LTT,LOKMANYA TIL,16:00:00,16:00:00,1267,MAS,CHENNAI CENTRAL,LTT,LOKMANYA TILAK TERMINUS
11075,LTT-BIDR EXP,13,BIDR,BIDAR,01:30:00,01:30:00,651,LTT,LOKMANYA TILAK TERMINUS,BIDR,BIDAR
11076,BIDR-LTT EXP,13,LTT,LOKMANYA TIL,23:55:00,23:55:00,651,BIDR,BIDAR,LTT,LOKMANYA TILAK TERMINUS
11077,JHELUM EXPRE,67,JAT,JAMMU TAWI,10:05:00,10:05:00,2155,PUNE,PUNE JN.,JAT,JAMMU TAWI
11078,JHELUM EXPRE,65,PUNE,PUNE JN.,15:10:00,15:10:00,2157,JAT,JAMMU TAWI,PUNE,PUNE JN.
11079,LTT-GKP EXPR,25,GKP,GORAKHPUR JN,01:30:00,01:30:00,1745,LTT,LOKMANYA TILAK TERMINUS,GKP,GORAKHPUR JN.
11080,GKP-LTT EXPR,24,LTT,LOKMANYA TIL,16:00:00,00:00:00,1745,GKP,GORAKHPUR JN.,LTT,LOKMANYA TILAK TERMINUS
11081,LTT-GKP VIA,20,GKP,GORAKHPUR JN,02:05:00,00:00:00,1731,LTT,LOKMANYA TILAK TERMINUS,GKP,GORAKHPUR JN.
11082,GKP-LTT VIA,19,LTT,LOKMANYA TIL,23:00:00,00:00:00,1731,GKP,GORAKHPUR JN.,LTT,LOKMANYA TILAK TERMINUS
11083,LTT-KZJ TADO,29,KZJ,KAZIPET JN.,15:00:00,15:00:00,1153,LTT,LOKMANYA TILAK TERMINUS,KZJ,KAZIPET JN.
11084,KZJ-LTT TADO,28,LTT,LOKMANYA TIL,23:15:00,23:15:00,1153,KZJ,KAZIPET JN.,LTT,LOKMANYA TILAK TERMINUS
11085,LTT-MAO DOUB,11,MAO,MADGOAN JN.,17:30:00,17:30:00,574,LTT,LOKMANYA TILAK TERMINUS,MAO,MADGOAN JN.
11086,MAO-LTT DOUB,11,LTT,LOKMANYA TIL,17:10:00,17:10:00,578,MAO,MADGOAN JN.,LTT,LOKMANYA TILAK TERMINUS
11087,VRL-PUNE EXP,26,PUNE,PUNE JN.,04:40:00,04:40:00,1053,VRL,VERAVAL,PUNE,PUNE JN.
11088,PUNE-VRL EXP,25,VRL,VERAVAL,16:45:00,16:45:00,1053,PUNE,PUNE JN.,VRL,VERAVAL
11089,BGKTPUNE EXP,26,PUNE,PUNE JN.,04:40:00,04:40:00,1074,BGKT,BHAGAT-KI-KOTHI,PUNE,PUNE JN.
11090,PUNE BGKT EX,26,BGKT,BHAGAT-KI-KO,17:10:00,17:10:00,1072,PUNE,PUNE JN.,BGKT,BHAGAT-KI-KOTHI
11091,BHUJ PUNE EX,24,PUNE,PUNE JN.,04:40:00,04:40:00,981,BHUJ,NEW BHUJ,PUNE,PUNE JN.
11092,PUNE BHUJ EX,24,BHUJ,NEW BHUJ,15:20:00,15:20:00,981,PUNE,PUNE JN.,BHUJ,NEW BHUJ
11093,MAHANAGARI E,27,BSB,VARANASI JN.,04:40:00,04:40:00,1516,CSMT,CST-MUMBAI,BSB,VARANASI JN.
11094,MAHANAGARI E,26,CSMT,CST-MUMBAI,14:15:00,14:15:00,1515,BSB,VARANASI JN.,CSMT,CST-MUMBAI
11095,AHIMSA EXPRE,17,PUNE,PUNE JN.,04:40:00,00:00:00,623,ADI,AHMEDABAD,PUNE,PUNE JN.
11096,AHIMSA EXPRE,16,ADI,AHMEDABAD,07:45:00,07:45:00,622,PUNE,PUNE JN.,ADI,AHMEDABAD
11097,POORNA EXPRE,33,ERS,ERNAKULAM. J,08:10:00,08:10:00,1278,PUNE,PUNE JN.,ERS,ERNAKULAM. JN
11098,POORNA EXPRE,32,PUNE,PUNE JN.,05:05:00,05:05:00,1279,ERS,ERNAKULAM. JN,PUNE,PUNE JN.
11101,PUNE-GWALIOR,23,GWL,GWALIOR JN,03:10:00,03:10:00,1373,PUNE,PUNE JN.,GWL,GWALIOR JN
11102,GWL-PUNE EXP,23,PUNE,PUNE JN.,20:05:00,20:05:00,1373,GWL,GWALIOR JN,PUNE,PUNE JN.
11103,JHS-BDTS EXP,21,BDTS,BANDRA TERMI,16:45:00,16:45:00,1321,JHS,JHANSI JN,BDTS,BANDRA TERMINUS
11104,BDTS-JHS EXP,21,JHS,JHANSI JN,06:40:00,06:40:00,1321,BDTS,BANDRA TERMINUS,JHS,JHANSI JN
11107,BUNDELKHAND,31,BSB,VARANASI JN.,10:50:00,10:50:00,629,GWL,GWALIOR JN,BSB,VARANASI JN.
11108,BUNDELKHAND,37,GWL,GWALIOR JN,09:05:00,09:05:00,629,BSB,VARANASI JN.,GWL,GWALIOR JN
11109,JHS-LKO INTE,11,LJN,LUCKNOW JN.,12:05:00,12:05:00,291,JHS,JHANSI JN,LJN,LUCKNOW JN.
11110,LKO -JHS INT,11,JHS,JHANSI JN,22:35:00,22:35:00,291,LJN,LUCKNOW JN.,JHS,JHANSI JN
11111,GWL-BLP SUSH,12,BLP,"BALRAMPUR,",09:00:00,09:00:00,939,GWL,GWALIOR JN,BLP,"BALRAMPUR,"
11112,BLP-GWL SUSH,12,GWL,GWALIOR JN,06:10:00,06:10:00,941,BLP,"BALRAMPUR,",GWL,GWALIOR JN
11123,BARAUNI-GWL,49,GWL,GWALIOR JN,20:55:00,20:55:00,1051,BJU,BARAUNI JN.,GWL,GWALIOR JN
11124,GWALIAR-BJU,49,BJU,BARAUNI JN.,13:00:00,13:00:00,1054,GWL,GWALIOR JN,BJU,BARAUNI JN.
11125,IND-GWL EXP,11,GWL,GWALIOR JN,07:47:00,00:00:00,561,INDB,INDORE BG,GWL,GWALIOR JN
11126,GWL-IND EXP,11,INDB,INDORE BG,07:55:00,00:00:00,561,GWL,GWALIOR JN,INDB,INDORE BG
11201,LTT-AJNI EXP,26,AJNI,AJNI,14:15:00,14:15:00,1015,LTT,LOKMANYA TILAK TERMINUS,AJNI,AJNI
11202,AJNI-LTT EXP,26,LTT,LOKMANYA TIL,13:45:00,13:45:00,1015,AJNI,AJNI,LTT,LOKMANYA TILAK TERMINUS
11203,NAGPUR JAIPU,28,JP,JAIPUR JN.,14:05:00,14:05:00,1340,NGP,NAGPUR JN.(CR),JP,JAIPUR JN.
11204,JAIPUR NAGPU,28,NGP,NAGPUR JN.(C,19:15:00,19:15:00,1340,JP,JAIPUR JN.,NGP,NAGPUR JN.(CR)
11205,LTT-NZB EXPR,20,NZB,NIZAMABAD,09:15:00,09:15:00,699,LTT,LOKMANYA TILAK TERMINUS,NZB,NIZAMABAD
11206,NZB-LTT WEEK,20,LTT,LOKMANYA TIL,13:45:00,13:45:00,699,NZB,NIZAMABAD,LTT,LOKMANYA TILAK TERMINUS
11265,JBP-ABKP EXP,14,ABKP,AMBIKAPUR,23:00:00,23:00:00,432,JBP,JABALPUR,ABKP,AMBIKAPUR
11266,ABKP-JBP EXP,14,JBP,JABALPUR,14:55:00,14:55:00,434,ABKP,AMBIKAPUR,JBP,JABALPUR
11272,VINDHYACHAL,47,ET,ITARSI,12:10:00,12:10:00,737,BPL,BHOPAL,ET,ITARSI
11301,UDYAN EXPRES,35,SBC,KRANTIVIRA S,08:50:00,08:50:00,1154,CSMT,CST-MUMBAI,SBC,KRANTIVIRA SANGOLLI RAYANNA (BENGALURU STATION)
11302,UDYAN EXP,34,CSMT,CST-MUMBAI,20:15:00,00:00:00,1154,SBC,KRANTIVIRA SANGOLLI RAYANNA (BENGALURU STATION),CSMT,CST-MUMBAI
11303,HYB-KOP EXPR,38,KOP,CHHATRAPATI,22:40:00,22:40:00,989,HYB,HYDERABAD DECCAN,KOP,CHHATRAPATI SHAHU MAHARAJ TERMINUS
11304,KOP-HYB EXPR,38,HYB,HYDERABAD DE,06:45:00,06:45:00,987,KOP,CHHATRAPATI SHAHU MAHARAJ TERMINUS,HYB,HYDERABAD DECCAN
11307,GR-HYB- INTE,7,HYB,HYDERABAD DE,14:50:00,14:50:00,221,GR,GULBARGA,HYB,HYDERABAD DECCAN
11308,HYB-GR INTER,7,GR,GULBARGA,21:00:00,21:00:00,223,HYB,HYDERABAD DECCAN,GR,GULBARGA
11309,SUR-MRJ EXP,14,MRJ,MIRAJ JN.,12:05:00,12:05:00,267,SUR,SOLAPUR,MRJ,MIRAJ JN.
11310,MRJ-SUR EXP,14,SUR,SOLAPUR,20:55:00,20:55:00,267,MRJ,MIRAJ JN.,SUR,SOLAPUR
11401,NANDIGRHAM E,34,NGP,NAGPUR JN.(C,16:15:00,16:15:00,1053,CSMT,CST-MUMBAI,NGP,NAGPUR JN.(CR)
11402,NADHIGRAM EX,34,CSMT,CST-MUMBAI,05:35:00,05:35:00,1052,NGP,NAGPUR JN.(CR),CSMT,CST-MUMBAI
11403,NGP-KOP EXPR,22,KOP,CHHATRAPATI,14:00:00,14:00:00,1026,NGP,NAGPUR JN.(CR),KOP,CHHATRAPATI SHAHU MAHARAJ TERMINUS
11404,KOP-NGP EXPR,22,NGP,NAGPUR JN.(C,12:35:00,12:35:00,1026,KOP,CHHATRAPATI SHAHU MAHARAJ TERMINUS,NGP,NAGPUR JN.(CR)
11405,PUNE-AMRAVAT,18,AMI,AMRAVATI,15:00:00,15:00:00,811,PUNE,PUNE JN.,AMI,AMRAVATI
11406,AMRAVAI-PUNE,18,PUNE,PUNE JN.,13:15:00,13:15:00,812,AMI,AMRAVATI,PUNE,PUNE JN.
11407,PUNE-LJN EXP,17,LJN,LUCKNOW JN.,02:30:00,02:30:00,1478,PUNE,PUNE JN.,LJN,LUCKNOW JN.
11408,LJN-PUNE EXP,17,PUNE,PUNE JN.,11:05:00,11:05:00,1478,LJN,LUCKNOW JN.,PUNE,PUNE JN.
11423,SUR HUBLI EX,14,UBL,HUBLI JN.,14:30:00,14:30:00,357,SUR,SOLAPUR,UBL,HUBLI JN.
11424,GDG-SUR EXPR,14,SUR,SOLAPUR,23:15:00,23:15:00,356,UBL,HUBLI JN.,SUR,SOLAPUR
11447,SHAKTIPUNJ E,45,HWH,HOWRAH JN.,04:15:00,04:15:00,1156,JBP,JABALPUR,HWH,HOWRAH JN.
11448,SHAKTIPUNJ E,46,JBP,JABALPUR,14:25:00,14:25:00,1155,HWH,HOWRAH JN.,JBP,JABALPUR
11449,JBP-SVDK EXP,34,SVDK,SHRI MATA VA,15:20:00,15:20:00,1561,JBP,JABALPUR,SVDK,SHRI MATA VAISHNO DEVI KATRA
11450,SVDK-JBP EXP,31,JBP,JABALPUR,07:25:00,07:25:00,1564,SVDK,SHRI MATA VAISHNO DEVI KATRA,JBP,JABALPUR
11463,SMNH-JBP EXP,50,JBP,JABALPUR,15:10:00,15:10:00,1416,SMNH,SOMNATH,JBP,JABALPUR
11464,JBP -SMNH EX,50,SMNH,SOMNATH,17:45:00,17:45:00,1417,JBP,JABALPUR,SMNH,SOMNATH
11465,SMNH-JBP EXP,49,JBP,JABALPUR,18:00:00,18:00:00,1572,SMNH,SOMNATH,JBP,JABALPUR
11466,JBP-SMNH EXP,50,SMNH,SOMNATH,17:45:00,17:45:00,1575,JBP,JABALPUR,SMNH,SOMNATH
11651,JBP-SGRL INT,14,SGRL,SINGRAULI,22:25:00,00:00:00,344,JBP,JABALPUR,SGRL,SINGRAULI
11652,SGRL-JBP INT,14,JBP,JABALPUR,11:55:00,11:55:00,345,SGRL,SINGRAULI,JBP,JABALPUR
11701,JBP-INDB INT,16,INDB,INDORE BG,20:30:00,20:30:00,751,JBP,JABALPUR,INDB,INDORE BG
11702,INDB-JBP INT,16,JBP,JABALPUR,19:35:00,19:35:00,751,INDB,INDORE BG,JBP,JABALPUR
11703,REWA-DADN  E,20,DADN,MHOW,16:05:00,16:05:00,823,REWA,REWA,DADN,MHOW
11704,INDB-REWA EX,20,REWA,REWA,12:15:00,12:15:00,821,DADN,MHOW,REWA,REWA
11801,JHS-ETW EXPR,6,ETW,ETAWAH,22:30:00,22:30:00,215,JHS,JHANSI JN,ETW,ETAWAH
11802,ETW-JHS LINK,6,JHS,JHANSI JN,10:05:00,10:05:00,215,ETW,ETAWAH,JHS,JHANSI JN
11901,MTJ-KKDE EXP,13,KKDE,KURUKSHETRA,12:40:00,12:40:00,292,MTJ,MATHURA JN.,KKDE,KURUKSHETRA JN.
11902,KKDE-MTJ EXP,13,MTJ,MATHURA JN.,21:35:00,21:35:00,294,KKDE,KURUKSHETRA JN.,MTJ,MATHURA JN.
12001,BPL - NDLS S,10,NDLS,NEW DELHI,23:30:00,23:30:00,688,HBJ,HABIBGANJ,NDLS,NEW DELHI
12002,NDLS - BPL S,10,HBJ,HABIBGANJ,14:25:00,14:25:00,690,NDLS,NEW DELHI,HBJ,HABIBGANJ
12003,LKO-NDLS SHA,7,NDLS,NEW DELHI,22:15:00,22:15:00,504,LJN,LUCKNOW JN.,NDLS,NEW DELHI
12004,NDLS-LKO SHA,7,LJN,LUCKNOW JN.,12:40:00,12:40:00,504,NDLS,NEW DELHI,LJN,LUCKNOW JN.
12005,NDLS-KLK- SH,5,KLK,KALKA,21:20:00,21:20:00,268,NDLS,NEW DELHI,KLK,KALKA
12006,KLK-NDLS SHA,5,NDLS,NEW DELHI,10:20:00,10:20:00,268,KLK,KALKA,NDLS,NEW DELHI
12007,MAS-MYS SHAT,4,MYS,MYSORE JN.,13:00:00,13:00:00,498,MAS,CHENNAI CENTRAL,MYS,MYSORE JN.
12008,MYS-MAS SHAT,4,MAS,CHENNAI CENT,21:25:00,21:25:00,499,MYS,MYSORE JN.,MAS,CHENNAI CENTRAL
12009,SHATABDI EXP,9,ADI,AHMEDABAD,12:45:00,12:45:00,490,BCT,MUMBAI CENTRAL,ADI,AHMEDABAD
12010,SHATABDI EXP,9,BCT,MUMBAI CENTR,21:20:00,21:20:00,490,ADI,AHMEDABAD,BCT,MUMBAI CENTRAL
12011,NDLS-KLK SHA,6,KLK,KALKA,11:45:00,11:45:00,268,NDLS,NEW DELHI,KLK,KALKA
12012,KLK-NDLS SHA,6,NDLS,NEW DELHI,21:55:00,21:55:00,268,KLK,KALKA,NDLS,NEW DELHI
12013,NDLS-ASR SHA,8,ASR,AMRITSAR JN.,22:30:00,22:30:00,447,NDLS,NEW DELHI,ASR,AMRITSAR JN.
12014,ASR-NDLS SHA,8,NDLS,NEW DELHI,11:00:00,11:00:00,447,ASR,AMRITSAR JN.,NDLS,NEW DELHI
12015,NDLS-AII SHA,10,AII,AJMER JN.,12:45:00,12:45:00,442,NDLS,NEW DELHI,AII,AJMER JN.
12016,AII-NDLS SHA,10,NDLS,NEW DELHI,22:40:00,22:40:00,442,AII,AJMER JN.,NDLS,NEW DELHI
12017,NDLS-DDN SHA,8,DDN,DEHRA DUN,12:40:00,12:40:00,314,NDLS,NEW DELHI,DDN,DEHRA DUN
12018,DDN-NDLS SHA,8,NDLS,NEW DELHI,22:45:00,22:45:00,314,DDN,DEHRA DUN,NDLS,NEW DELHI
12019,HOWRAH RANCH,10,RNC,RANCHI,13:15:00,13:15:00,436,HWH,HOWRAH JN.,RNC,RANCHI
12020,RNC HWH SHAT,10,HWH,HOWRAH JN.,21:30:00,21:30:00,434,RNC,RANCHI,HWH,HOWRAH JN.
12021,HOWRAH-BARAB,10,BBN,BARBIL,13:05:00,13:05:00,402,HWH,HOWRAH JN.,BBN,BARBIL
12022,BARABIL-HOWR,11,HWH,HOWRAH JN.,20:50:00,20:50:00,401,BBN,BARBIL,HWH,HOWRAH JN.
12023,HOWRAH PATNA,14,PNBE,PATNA JN.,22:45:00,22:45:00,530,HWH,HOWRAH JN.,PNBE,PATNA JN.
12024,PATNA HOWRAH,14,HWH,HOWRAH JN.,13:25:00,13:25:00,531,PNBE,PATNA JN.,HWH,HOWRAH JN.
12025,PUNE-SC SHAT,8,SC,SECUNDERABAD,14:20:00,14:20:00,598,PUNE,PUNE JN.,SC,SECUNDERABAD JN.
12026,SC-PUNE SHAT,8,PUNE,PUNE JN.,23:10:00,23:10:00,598,SC,SECUNDERABAD JN.,PUNE,PUNE JN.
12027,MAS-SBC SHAT,4,SBC,KRANTIVIRA S,22:30:00,22:30:00,360,MAS,CHENNAI CENTRAL,SBC,KRANTIVIRA SANGOLLI RAYANNA (BENGALURU STATION)
12028,SBC-MAS SHAT,4,MAS,CHENNAI CENT,11:00:00,11:00:00,361,SBC,KRANTIVIRA SANGOLLI RAYANNA (BENGALURU STATION),MAS,CHENNAI CENTRAL
12029,SWARNA SHATA,8,ASR,AMRITSAR JN.,13:45:00,13:45:00,447,NDLS,NEW DELHI,ASR,AMRITSAR JN.
12030,SWARNA SHATA,8,NDLS,NEW DELHI,23:05:00,23:05:00,447,ASR,AMRITSAR JN.,NDLS,NEW DELHI
12031,NDLS-ASR-SHA,8,ASR,AMRITSAR JN.,13:45:00,13:45:00,447,NDLS,NEW DELHI,ASR,AMRITSAR JN.
12032,ASR-NDLS SHA,8,NDLS,NEW DELHI,23:05:00,23:05:00,447,ASR,AMRITSAR JN.,NDLS,NEW DELHI
12033,CNB NDLS SHT,5,NDLS,NEW DELHI,11:20:00,11:20:00,430,CNB,KANPUR CENTRAL JN.,NDLS,NEW DELHI
12034,NDLS CNB SHA,4,CNB,KANPUR CENTR,20:45:00,20:45:00,430,NDLS,NEW DELHI,CNB,KANPUR CENTRAL JN.
12035,JP AF SHATAB,4,AF,AGRA  FORT,10:35:00,10:35:00,240,JP,JAIPUR JN.,AF,AGRA  FORT
12036,AF JP SHATAB,4,JP,JAIPUR JN.,21:20:00,21:20:00,240,AF,AGRA  FORT,JP,JAIPUR JN.
12037,NDLS-LDH SHA,7,LDH,LUDHIANA JN.,12:25:00,12:25:00,328,NDLS,NEW DELHI,LDH,LUDHIANA JN.
12038,LDH-NDLS SHA,7,NDLS,NEW DELHI,22:10:00,22:10:00,328,LDH,LUDHIANA JN.,NDLS,NEW DELHI
12039,KGM-NDLS SHA,8,NDLS,NEW DELHI,21:05:00,21:05:00,283,KGM,KATHGODAM,NDLS,NEW DELHI
12040,NDLS-KGM SHA,8,KGM,KATHGODAM,11:40:00,11:40:00,283,NDLS,NEW DELHI,KGM,KATHGODAM
12041,HWH - NJP SH,7,NJP,NEW JALPAIGU,22:30:00,22:30:00,560,HWH,HOWRAH JN.,NJP,NEW JALPAIGURI JN
12042,NJP - HWH SH,7,HWH,HOWRAH JN.,13:35:00,13:35:00,560,NJP,NEW JALPAIGURI JN,HWH,HOWRAH JN.
12043,NDLS-MOGA SH,8,MOGA,MOGA,14:05:00,14:05:00,397,NDLS,NEW DELHI,MOGA,MOGA
12044,MOGA-NDLS SH,8,NDLS,NEW DELHI,22:10:00,22:10:00,397,MOGA,MOGA,NDLS,NEW DELHI
12045,NDLS-CDG SHA,4,CDG,CHANDIGARH,22:45:00,22:45:00,243,NDLS,NEW DELHI,CDG,CHANDIGARH
12046,CDG-NDLS SHA,4,NDLS,NEW DELHI,15:25:00,15:25:00,243,CDG,CHANDIGARH,NDLS,NEW DELHI
12047,BHATINDA SHA,10,FZR,FIROZPUR CAN,22:50:00,22:50:00,385,NDLS,NEW DELHI,FZR,FIROZPUR CANTT JN.
12048,NEW DELHI SH,10,NDLS,NEW DELHI,11:20:00,11:20:00,385,FZR,FIROZPUR CANTT JN.,NDLS,NEW DELHI
12049,GATIMAN EXPR,2,NZM,HAZRAT NIZAM,19:30:00,19:30:00,181,AGC,AGRA CANTT,NZM,HAZRAT NIZAMUDDIN JN
12050,GATIMAN EXPR,2,AGC,AGRA CANTT,09:50:00,09:50:00,183,NZM,HAZRAT NIZAMUDDIN JN,AGC,AGRA CANTT
12051,JAN SHATABDI,9,MAO,MADGOAN JN.,14:05:00,14:05:00,581,DR,DADAR,MAO,MADGOAN JN.
12052,MAO-DR JAN S,9,DR,DADAR,23:05:00,23:05:00,585,MAO,MADGOAN JN.,DR,DADAR
12053,HW-ASR EXP,11,ASR,AMRITSAR JN.,22:05:00,22:05:00,406,HW,HARIDWAR JN,ASR,AMRITSAR JN.
12054,ASR-HW JAN S,11,HW,HARIDWAR JN,14:10:00,14:10:00,406,ASR,AMRITSAR JN.,HW,HARIDWAR JN
12055,DDN JANSHATA,9,DDN,DEHRA DUN,21:10:00,21:10:00,304,NDLS,NEW DELHI,DDN,DEHRA DUN
12056,NEWDELHI JAN,10,NDLS,NEW DELHI,11:15:00,11:15:00,304,DDN,DEHRA DUN,NDLS,NEW DELHI
12057,NDLS-NLDM- J,14,UHL,UNA HIMACHAL,22:10:00,22:10:00,386,NDLS,NEW DELHI,UHL,UNA HIMACHAL
12058,NDLS JANSHTB,14,NDLS,NEW DELHI,12:00:00,12:00:00,386,UHL,UNA HIMACHAL,NDLS,NEW DELHI
12059,NZM JAN SHAT,10,NZM,HAZRAT NIZAM,12:30:00,12:30:00,447,KOTA,KOTA,NZM,HAZRAT NIZAMUDDIN JN
12060,KOTA JANSHTB,10,KOTA,KOTA,20:00:00,20:00:00,450,NZM,HAZRAT NIZAMUDDIN JN,KOTA,KOTA
12061,JBP JANSHATA,10,JBP,JABALPUR,22:55:00,22:55:00,330,HBJ,HABIBGANJ,JBP,JABALPUR
12062,HBJ JANSHATA,10,HBJ,HABIBGANJ,11:00:00,11:00:00,330,JBP,JABALPUR,HBJ,HABIBGANJ
12065,NZM JAN SHAT,10,NZM,HAZRAT NIZAM,12:35:00,12:35:00,389,AII,AJMER JN.,NZM,HAZRAT NIZAMUDDIN JN
12066,AII JAN SHAT,10,AII,AJMER JN.,22:25:00,22:25:00,389,NZM,HAZRAT NIZAMUDDIN JN,AII,AJMER JN.
12067,JANSATABDI E,11,JTTN,JORHAT TOWN,13:20:00,13:20:00,376,GHY,GUWAHATI,JTTN,JORHAT TOWN
12068,JANSATBDI EX,11,GHY,GUWAHATI,21:20:00,21:20:00,375,JTTN,JORHAT TOWN,GHY,GUWAHATI
12069,RIG - G JANS,15,G,GONDIA JN.,13:25:00,13:25:00,419,RIG,RAIGARH,G,GONDIA JN.
12070,G - RIG JANS,15,RIG,RAIGARH,22:00:00,22:00:00,411,G,GONDIA JN.,RIG,RAIGARH
12071,JANSHATABDI,7,J,JALNA,21:30:00,21:30:00,422,DR,DADAR,J,JALNA
12072,JANSHATABDI,7,DR,DADAR,12:30:00,12:30:00,422,J,JALNA,DR,DADAR
12073,HWH-BBS JAN,9,BBS,BHUBANESWAR,20:20:00,20:20:00,442,HWH,HOWRAH JN.,BBS,BHUBANESWAR
12074,BBS-HWH JAN,9,HWH,HOWRAH JN.,12:40:00,12:40:00,441,BBS,BHUBANESWAR,HWH,HOWRAH JN.
12075,CLT - T VC J,12,TVC,TRIVANDRUM C,21:05:00,21:05:00,399,CLT,CALICUT,TVC,TRIVANDRUM CENTRAL
12076,TVC - CLT JA,12,CLT,CALICUT,13:00:00,13:00:00,398,TVC,TRIVANDRUM CENTRAL,CLT,CALICUT
12077,MAS-BZA JAN,10,BZA,VIJAYWADA JN,14:45:00,14:45:00,453,MAS,CHENNAI CENTRAL,BZA,VIJAYWADA JN.
12078,BZA-MAS-JAN,10,MAS,CHENNAI CENT,22:35:00,22:35:00,453,BZA,VIJAYWADA JN.,MAS,CHENNAI CENTRAL
12079,JANSHATABDI,11,UBL,HUBLI JN.,13:25:00,13:25:00,470,SBC,KRANTIVIRA SANGOLLI RAYANNA (BENGALURU STATION),UBL,HUBLI JN.
12080,JAN SHATABDI,11,SBC,KRANTIVIRA S,21:25:00,21:25:00,468,UBL,HUBLI JN.,SBC,KRANTIVIRA SANGOLLI RAYANNA (BENGALURU STATION)
12081,CAN - TVC JA,15,TVC,TRIVANDRUM C,14:00:00,14:00:00,500,CAN,KANNUR,TVC,TRIVANDRUM CENTRAL
12082,TVC - CAN JA,15,CAN,KANNUR,23:50:00,23:50:00,499,TVC,TRIVANDRUM CENTRAL,CAN,KANNUR
12083,MV-CBE JANSH,10,CBE,COIMBATORE,21:15:00,21:15:00,361,MV,MAYILADUTURAI JN.,CBE,COIMBATORE  JN.
12084,CBE-MV JAN S,10,MV,MAYILADUTURA,13:40:00,13:40:00,361,CBE,COIMBATORE  JN.,MV,MAYILADUTURAI JN.
12085,GHY-DBRG SHA,10,DBRG,DIBRUGARH,21:15:00,21:15:00,506,GHY,GUWAHATI,DBRG,DIBRUGARH
12086,DBRG-GHY SHA,10,GHY,GUWAHATI,13:55:00,13:55:00,505,DBRG,DIBRUGARH,GHY,GUWAHATI
12087,NHLN - GHY S,8,GHY,GUWAHATI,11:00:00,11:00:00,332,NHLN,NAHARLAGUN,GHY,GUWAHATI
12088,GHY - NHLN S,8,NHLN,NAHARLAGUN,21:40:00,21:40:00,332,GHY,GUWAHATI,NHLN,NAHARLAGUN
12101,JNANESWARI D,16,HWH,HOWRAH JN.,03:35:00,03:35:00,1956,LTT,LOKMANYA TILAK TERMINUS,HWH,HOWRAH JN.
12102,JNANESWARISU,17,LTT,LOKMANYA TIL,05:50:00,05:50:00,1963,HWH,HOWRAH JN.,LTT,LOKMANYA TILAK TERMINUS
12103,PUNE-LKO EXP,13,LJN,LUCKNOW JN.,17:10:00,17:10:00,1478,PUNE,PUNE JN.,LJN,LUCKNOW JN.
12104,LJN-PUNE EXP,13,PUNE,PUNE JN.,08:05:00,08:05:00,1478,LJN,LUCKNOW JN.,PUNE,PUNE JN.
12105,VIDARBHA EXP,26,G,GONDIA JN.,11:15:00,11:15:00,971,CSMT,CST-MUMBAI,G,GONDIA JN.
12106,VIDARBHA EXP,27,CSMT,CST-MUMBAI,07:00:00,07:00:00,972,G,GONDIA JN.,CSMT,CST-MUMBAI
12107,LTT-LJN EXPR,11,LJN,LUCKNOW JN.,15:10:00,15:10:00,1408,LTT,LOKMANYA TILAK TERMINUS,LJN,LUCKNOW JN.
12108,LJN-LTT EXPR,11,LTT,LOKMANYA TIL,23:00:00,23:00:00,1408,LJN,LUCKNOW JN.,LTT,LOKMANYA TILAK TERMINUS
12109,PANCHAVATI E,10,MMR,MANMAD JN.,22:50:00,22:50:00,260,CSMT,CST-MUMBAI,MMR,MANMAD JN.
12110,PANCHAVTI EX,10,CSMT,CST-MUMBAI,10:45:00,10:45:00,260,MMR,MANMAD JN.,CSMT,CST-MUMBAI
12111,CSMT-AMI SF,14,AMI,AMRAVATI,08:05:00,08:05:00,676,CSMT,CST-MUMBAI,AMI,AMRAVATI
12112,AMI-CSMT SF,14,CSMT,CST-MUMBAI,06:25:00,06:25:00,676,AMI,AMRAVATI,CSMT,CST-MUMBAI
12113,PUNE-NGP GAR,9,NGP,NAGPUR JN.(C,09:25:00,09:25:00,895,PUNE,PUNE JN.,NGP,NAGPUR JN.(CR)
12114,NGP-PUNE GAR,9,PUNE,PUNE JN.,09:45:00,09:45:00,895,NGP,NAGPUR JN.(CR),PUNE,PUNE JN.
12115,CSTM-SUR SID,14,SUR,SOLAPUR,06:50:00,06:50:00,456,CSMT,CST-MUMBAI,SUR,SOLAPUR
12116,SUR-CSMT SID,15,CSMT,CST-MUMBAI,06:50:00,06:50:00,457,SUR,SOLAPUR,CSMT,CST-MUMBAI
12117,LTT MANMAD E,10,MMR,MANMAD JN.,19:25:00,19:25:00,244,LTT,LOKMANYA TILAK TERMINUS,MMR,MANMAD JN.
12118,MANMAD LTT E,10,LTT,LOKMANYA TIL,13:00:00,13:00:00,244,MMR,MANMAD JN.,LTT,LOKMANYA TILAK TERMINUS
12119,AMRAVATI-NGP,5,AJNI,AJNI,08:15:00,08:15:00,180,AMI,AMRAVATI,AJNI,AJNI
12120,NGP-AMI EXPR,5,AMI,AMRAVATI,21:40:00,21:40:00,180,AJNI,AJNI,AMI,AMRAVATI
12121,M P SMPRK KR,7,NZM,HAZRAT NIZAM,09:05:00,09:05:00,883,JBP,JABALPUR,NZM,HAZRAT NIZAMUDDIN JN
12122,M P S KRANTI,7,JBP,JABALPUR,07:45:00,07:45:00,886,NZM,HAZRAT NIZAMUDDIN JN,JBP,JABALPUR
12123,DECCAN QUEEN,5,PUNE,PUNE JN.,20:25:00,20:25:00,191,CSMT,CST-MUMBAI,PUNE,PUNE JN.
12124,DECCAN QUEEN,4,CSMT,CST-MUMBAI,10:25:00,10:25:00,191,PUNE,PUNE JN.,CSMT,CST-MUMBAI
12125,PRAGATI EXPR,8,PUNE,PUNE JN.,19:50:00,19:50:00,190,CSMT,CST-MUMBAI,PUNE,PUNE JN.
12126,PRAGATI EXPR,7,CSMT,CST-MUMBAI,11:15:00,11:15:00,190,PUNE,PUNE JN.,CSMT,CST-MUMBAI
12127,INTERCITY EX,6,PUNE,PUNE JN.,09:57:00,09:57:00,191,CSMT,CST-MUMBAI,PUNE,PUNE JN.
12128,INTERCITY EX,5,CSMT,CST-MUMBAI,21:05:00,21:05:00,191,PUNE,PUNE JN.,CSMT,CST-MUMBAI
12129,AZAD HIND EX,30,HWH,HOWRAH JN.,04:10:00,04:10:00,2026,PUNE,PUNE JN.,HWH,HOWRAH JN.
12130,HOWRAH PUNE,30,PUNE,PUNE JN.,06:50:00,06:50:00,2033,HWH,HOWRAH JN.,PUNE,PUNE JN.
12131,DR SAINAGAR,8,SNSI,SAI NAGAR SH,03:45:00,03:45:00,330,DR,DADAR,SNSI,SAI NAGAR SHIRDI
12132,SAINAGAR DR,8,DR,DADAR,04:30:00,04:30:00,330,SNSI,SAI NAGAR SHIRDI,DR,DADAR
12133,CSMT-MAJN EX,14,MAJN,MANGALORE JN,12:40:00,12:40:00,903,CSMT,CST-MUMBAI,MAJN,MANGALORE JN
12134,MAJN-CSMT EX,14,CSMT,CST-MUMBAI,04:25:00,04:25:00,909,MAJN,MANGALORE JN,CSMT,CST-MUMBAI
12135,PUNE-NGP EXP,18,NGP,NAGPUR JN.(C,09:25:00,09:25:00,895,PUNE,PUNE JN.,NGP,NAGPUR JN.(CR)
12136,NGP-PUNE EXP,18,PUNE,PUNE JN.,09:45:00,09:45:00,895,NGP,NAGPUR JN.(CR),PUNE,PUNE JN.
12137,PUNJAB MAIL,56,FZR,FIROZPUR CAN,05:50:00,05:50:00,1910,CSMT,CST-MUMBAI,FZR,FIROZPUR CANTT JN.
12138,PUNJAB MAIL,54,CSMT,CST-MUMBAI,07:35:00,07:35:00,1913,FZR,FIROZPUR CANTT JN.,CSMT,CST-MUMBAI
12139,SEWAGRAM EXP,33,NGP,NAGPUR JN.(C,06:10:00,06:10:00,841,CSMT,CST-MUMBAI,NGP,NAGPUR JN.(CR)
12140,SEWAGRAM EXP,33,CSMT,CST-MUMBAI,12:00:00,12:00:00,841,NGP,NAGPUR JN.(CR),CSMT,CST-MUMBAI
12141,LTT-PPTA EXP,14,PPTA,PATLIPUTRA,04:00:00,00:00:00,1693,LTT,LOKMANYA TILAK TERMINUS,PPTA,PATLIPUTRA
12142,PPTA-LTT SF,13,LTT,LOKMANYA TIL,15:15:00,15:15:00,1692,PPTA,PATLIPUTRA,LTT,LOKMANYA TILAK TERMINUS
12143,LTT-SLN SF E,14,SLN,SULTANPUR JN,20:00:00,20:00:00,1540,LTT,LOKMANYA TILAK TERMINUS,SLN,SULTANPUR JN.
12144,SLN LTT SF S,14,LTT,LOKMANYA TIL,04:10:00,04:10:00,1541,SLN,SULTANPUR JN.,LTT,LOKMANYA TILAK TERMINUS
12145,LTT-PURI WEE,27,PURI,PURI,07:30:00,07:30:00,1888,LTT,LOKMANYA TILAK TERMINUS,PURI,PURI
12146,PURI-LTT WEE,27,LTT,LOKMANYA TIL,07:30:00,07:30:00,1895,PURI,PURI,LTT,LOKMANYA TILAK TERMINUS
12147,KOP-NZM EXPR,22,NZM,HAZRAT NIZAM,17:10:00,17:10:00,1897,KOP,CHHATRAPATI SHAHU MAHARAJ TERMINUS,NZM,HAZRAT NIZAMUDDIN JN
12148,NZM-KOP EXPR,22,KOP,CHHATRAPATI,16:20:00,16:20:00,1900,NZM,HAZRAT NIZAMUDDIN JN,KOP,CHHATRAPATI SHAHU MAHARAJ TERMINUS
12149,PUNE-DNR EXP,19,DNR,DANAPUR,03:30:00,03:30:00,1757,PUNE,PUNE JN.,DNR,DANAPUR
12150,DNR-PUNE EXP,19,PUNE,PUNE JN.,05:30:00,05:30:00,1756,DNR,DANAPUR,PUNE,PUNE JN.
12151,SAMARSATA EX,24,HWH,HOWRAH JN.,08:25:00,08:25:00,2089,LTT,LOKMANYA TILAK TERMINUS,HWH,HOWRAH JN.
12152,HWH-LTT SAMR,23,LTT,LOKMANYA TIL,07:30:00,07:30:00,2095,HWH,HOWRAH JN.,LTT,LOKMANYA TILAK TERMINUS
12154,HBJ-LTT EXPR,10,LTT,LOKMANYA TIL,07:30:00,07:30:00,820,HBJ,HABIBGANJ,LTT,LOKMANYA TILAK TERMINUS
12155,SHAN-E-BPL E,10,NZM,HAZRAT NIZAM,08:00:00,08:00:00,681,HBJ,HABIBGANJ,NZM,HAZRAT NIZAMUDDIN JN
12156,SHAN-E- BHOP,10,HBJ,HABIBGANJ,07:05:00,07:05:00,683,NZM,HAZRAT NIZAMUDDIN JN,HBJ,HABIBGANJ
12157,HUTATMA EXPR,4,SUR,SOLAPUR,22:00:00,22:00:00,265,PUNE,PUNE JN.,SUR,SOLAPUR
12158,HUTATMA EXPR,4,PUNE,PUNE JN.,10:30:00,10:30:00,265,SUR,SOLAPUR,PUNE,PUNE JN.
12159,AMI- JBP SUF,20,JBP,JABALPUR,06:55:00,06:55:00,725,AMI,AMRAVATI,JBP,JABALPUR
12160,JBP-AMI  SUF,20,AMI,AMRAVATI,09:50:00,09:50:00,725,JBP,JABALPUR,AMI,AMRAVATI
12161,LASHKAR EXPR,21,AGC,AGRA CANTT,13:00:00,13:00:00,1320,LTT,LOKMANYA TILAK TERMINUS,AGC,AGRA CANTT
12162,LASHKAR EXPR,21,LTT,LOKMANYA TIL,23:00:00,23:00:00,1320,AGC,AGRA CANTT,LTT,LOKMANYA TILAK TERMINUS
12163,CHENNAI EXPR,24,MS,CHENNAI EGMO,19:45:00,19:45:00,1278,DR,DADAR,MS,CHENNAI EGMORE
12164,CHENNAI EXP,22,DR,DADAR,06:00:00,06:00:00,1281,MS,CHENNAI EGMORE,DR,DADAR
12165,LTT BSB SUP,16,BSB,VARANASI JN.,07:05:00,07:05:00,1488,LTT,LOKMANYA TILAK TERMINUS,BSB,VARANASI JN.
12166,BSB LTT SUP,16,LTT,LOKMANYA TIL,21:30:00,00:00:00,1487,BSB,VARANASI JN.,LTT,LOKMANYA TILAK TERMINUS
12167,LTT(T)-BSB S,13,BSB,VARANASI JN.,03:45:00,03:45:00,1500,LTT,LOKMANYA TILAK TERMINUS,BSB,VARANASI JN.
12168,BSB-LTT SF E,13,LTT,LOKMANYA TIL,12:25:00,12:25:00,1500,BSB,VARANASI JN.,LTT,LOKMANYA TILAK TERMINUS
12170,PUNE INTERCI,5,PUNE,PUNE JN.,18:05:00,18:05:00,265,SUR,SOLAPUR,PUNE,PUNE JN.
12171,LTT - HW SUP,12,HW,HARIDWAR JN,13:15:00,13:15:00,1756,LTT,LOKMANYA TILAK TERMINUS,HW,HARIDWAR JN
12172,HW - LTT SUP,12,LTT,LOKMANYA TIL,23:45:00,00:00:00,1759,HW,HARIDWAR JN,LTT,LOKMANYA TILAK TERMINUS
12173,LTT-CNB EXPR,13,PBH,PARTAPGARH J,19:05:00,19:05:00,1581,LTT,LOKMANYA TILAK TERMINUS,PBH,PARTAPGARH JN.
12174,CNB-LTT EXPR,13,LTT,LOKMANYA TIL,06:00:00,06:00:00,1581,PBH,PARTAPGARH JN.,LTT,LOKMANYA TILAK TERMINUS
12175,CHAMBAL EXP,31,GWL,GWALIOR JN,17:15:00,17:15:00,1291,HWH,HOWRAH JN.,GWL,GWALIOR JN
12176,CHAMBAL EXPR,31,HWH,HOWRAH JN.,06:45:00,06:45:00,1292,GWL,GWALIOR JN,HWH,HOWRAH JN.
12177,CHAMBAL EXP,34,MTJ,MATHURA JN.,20:20:00,20:20:00,1451,HWH,HOWRAH JN.,MTJ,MATHURA JN.
12178,CHAMBAL EXP,34,HWH,HOWRAH JN.,06:45:00,06:45:00,1453,MTJ,MATHURA JN.,HWH,HOWRAH JN.
12179,INTERCITY,14,AGC,AGRA CANTT,21:55:00,21:55:00,323,LJN,LUCKNOW JN.,AGC,AGRA CANTT
12180,INTERCITY,14,LJN,LUCKNOW JN.,11:45:00,11:45:00,323,AGC,AGRA CANTT,LJN,LUCKNOW JN.
12181,JBP-AII DAYO,22,AII,AJMER JN.,14:20:00,14:20:00,1024,JBP,JABALPUR,AII,AJMER JN.
12182,AII-JBP DAYO,22,JBP,JABALPUR,08:45:00,08:45:00,1024,AII,AJMER JN.,JBP,JABALPUR
12183,BPL-PBH SUF,11,PBH,PARTAPGARH J,09:00:00,09:00:00,754,BPL,BHOPAL,PBH,PARTAPGARH JN.
12184,PBH-BPL SUF,11,BPL,BHOPAL,08:50:00,08:50:00,754,PBH,PARTAPGARH JN.,BPL,BHOPAL
12185,HBJ-REWA REW,15,REWA,REWA,08:00:00,08:00:00,555,HBJ,HABIBGANJ,REWA,REWA
12186,REWA-HBJ REW,15,HBJ,HABIBGANJ,06:05:00,06:05:00,557,REWA,REWA,HBJ,HABIBGANJ
12187,MUMBAI GARIB,15,CSMT,CST-MUMBAI,12:15:00,12:15:00,996,JBP,JABALPUR,CSMT,CST-MUMBAI
12188,JBP GARIB RA,15,JBP,JABALPUR,06:00:00,06:00:00,996,CSMT,CST-MUMBAI,JBP,JABALPUR
12189,JBP-NZM MAHA,29,NZM,HAZRAT NIZAM,11:40:00,11:40:00,937,JBP,JABALPUR,NZM,HAZRAT NIZAMUDDIN JN
12190,NZM-JBP MAHA,28,JBP,JABALPUR,09:35:00,09:35:00,938,NZM,HAZRAT NIZAMUDDIN JN,JBP,JABALPUR
12191,SHRIDHAM SUP,24,JBP,JABALPUR,07:15:00,07:15:00,1021,NDLS,NEW DELHI,JBP,JABALPUR
12192,JBP-NDLS SUF,24,NDLS,NEW DELHI,11:50:00,11:50:00,1019,JBP,JABALPUR,NDLS,NEW DELHI
12193,YPR-JBP WEEK,20,JBP,JABALPUR,22:15:00,22:15:00,1747,YPR,YESVANTPUR JN.,JBP,JABALPUR
12194,JBP-YPR WEEK,20,YPR,YESVANTPUR J,13:30:00,13:30:00,1734,JBP,JABALPUR,YPR,YESVANTPUR JN.
12195,AF-AII INTER,14,AII,AJMER JN.,11:50:00,11:50:00,375,AF,AGRA  FORT,AII,AJMER JN.
12196,AII-AF INTER,14,AF,AGRA  FORT,21:40:00,21:40:00,375,AII,AJMER JN.,AF,AGRA  FORT
12197,BPL-GWL-INTE,11,GWL,GWALIOR JN,00:15:00,00:15:00,484,BPL,BHOPAL,GWL,GWALIOR JN
12198,GWL-BPL-INTE,11,BPL,BHOPAL,15:00:00,15:00:00,484,GWL,GWALIOR JN,BPL,BHOPAL
12201,KCVL GARIB R,25,KCVL,KOCHUVELI,20:25:00,20:25:00,1513,LTT,LOKMANYA TILAK TERMINUS,KCVL,KOCHUVELI
12202,LTT GARIB RA,25,LTT,LOKMANYA TIL,11:45:00,11:45:00,1517,KCVL,KOCHUVELI,LTT,LOKMANYA TILAK TERMINUS
12203,GARIB RATH,23,ASR,AMRITSAR JN.,21:05:00,21:05:00,1711,SHC,SAHARSA JN.,ASR,AMRITSAR JN.
12204,GRIB RATH,23,SHC,SAHARSA JN.,10:10:00,10:10:00,1714,ASR,AMRITSAR JN.,SHC,SAHARSA JN.
12205,NANDA DEVI E,7,DDN,DEHRA DUN,05:40:00,05:40:00,304,NDLS,NEW DELHI,DDN,DEHRA DUN
12206,NANDA DEVI E,7,NDLS,NEW DELHI,05:20:00,05:20:00,304,DDN,DEHRA DUN,NDLS,NEW DELHI
12207,KGM-JAT GARI,16,JAT,JAMMU TAWI,09:45:00,09:45:00,768,KGM,KATHGODAM,JAT,JAMMU TAWI
12208,JAT-KGM GARI,16,KGM,KATHGODAM,14:40:00,14:40:00,768,JAT,JAMMU TAWI,KGM,KATHGODAM
12209,CNB-KGM GARI,12,KGM,KATHGODAM,14:50:00,14:50:00,415,CNB,KANPUR CENTRAL JN.,KGM,KATHGODAM
12210,KGM-CNB GARI,12,CNB,KANPUR CENTR,04:35:00,04:35:00,415,KGM,KATHGODAM,CNB,KANPUR CENTRAL JN.
12211,MFP-ANVT GAR,14,ANVT,ANAND VIHAR,12:35:00,12:35:00,1057,MFP,MUZAFFARPUR JN.,ANVT,ANAND VIHAR TERMINAL
12212,ANVT-MFP GAR,14,MFP,MUZAFFARPUR,18:05:00,18:05:00,1059,ANVT,ANAND VIHAR TERMINAL,MFP,MUZAFFARPUR JN.
12213,DEE-YPR DURA,7,DEE,DELHI-SARAI,07:00:00,07:00:00,2350,YPR,YESVANTPUR JN.,DEE,DELHI-SARAI ROHILLA
12214,DEE-YPR DURO,6,YPR,YESVANTPUR J,07:55:00,07:55:00,2351,DEE,DELHI-SARAI ROHILLA,YPR,YESVANTPUR JN.
12215,DEE-BDTS GAR,18,BDTS,BANDRA TERMI,08:10:00,08:10:00,1431,DEE,DELHI-SARAI ROHILLA,BDTS,BANDRA TERMINUS
12216,BDTS-DEE GAR,18,DEE,DELHI-SARAI,12:15:00,12:15:00,1429,BDTS,BANDRA TERMINUS,DEE,DELHI-SARAI ROHILLA
12217,KERALA S.KRA,22,CDG,CHANDIGARH,15:45:00,15:45:00,3086,KCVL,KOCHUVELI,CDG,CHANDIGARH
12218,KERALA S.KRA,22,KCVL,KOCHUVELI,14:45:00,14:45:00,3084,CDG,CHANDIGARH,KCVL,KOCHUVELI
12219,LTT-SC AC DU,4,SC,SECUNDERABAD,11:05:00,00:00:00,774,LTT,LOKMANYA TILAK TERMINUS,SC,SECUNDERABAD JN.
12220,SC-LTT AC DU,4,LTT,LOKMANYA TIL,11:05:00,11:05:00,774,SC,SECUNDERABAD JN.,LTT,LOKMANYA TILAK TERMINUS
12221,PA-HWH DURAN,8,HWH,HOWRAH JN.,19:40:00,19:40:00,2026,PUNE,PUNE JN.,HWH,HOWRAH JN.
12222,HWH-PUNE DUR,8,PUNE,PUNE JN.,11:45:00,11:45:00,2033,HWH,HOWRAH JN.,PUNE,PUNE JN.
12223,LTT-ERS DURO,6,ERS,ERNAKULAM. J,17:50:00,17:50:00,1301,LTT,LOKMANYA TILAK TERMINUS,ERS,ERNAKULAM. JN
12224,ERS-LTT DURO,6,LTT,LOKMANYA TIL,18:15:00,18:15:00,1306,ERS,ERNAKULAM. JN,LTT,LOKMANYA TILAK TERMINUS
12225,KAIFIAT EXP,15,DLI,DELHI JN.,07:05:00,07:05:00,795,AMH,AZAMGARH,DLI,DELHI JN.
12226,KAIFIAT EXP,15,AMH,AZAMGARH,09:30:00,09:30:00,796,DLI,DELHI JN.,AMH,AZAMGARH
12227,INDORE DURON,5,INDB,INDORE BG,11:05:00,11:05:00,831,BCT,MUMBAI CENTRAL,INDB,INDORE BG
12228,MUMBAI DURON,5,BCT,MUMBAI CENTR,11:40:00,11:40:00,831,INDB,INDORE BG,BCT,MUMBAI CENTRAL
12229,LUCKNOW MAIL,9,NDLS,NEW DELHI,07:10:00,07:10:00,492,LKO,LUCKNOW JN.,NDLS,NEW DELHI
12230,LUCKNOW MAIL,9,LKO,LUCKNOW JN.,06:45:00,06:45:00,492,NDLS,NEW DELHI,LKO,LUCKNOW JN.
12231,LKO - CDG EX,16,CDG,CHANDIGARH,10:10:00,10:10:00,644,LKO,LUCKNOW JN.,CDG,CHANDIGARH
12232,CDG - LKO EX,16,LKO,LUCKNOW JN.,08:50:00,08:50:00,644,CDG,CHANDIGARH,LKO,LUCKNOW JN.
12235,GHY-NDLS RAJ,26,NDLS,NEW DELHI,13:55:00,13:55:00,2446,DBRG,DIBRUGARH,NDLS,NEW DELHI
12236,NDLS-GHY RAJ,26,DBRG,DIBRUGARH,06:15:00,06:15:00,2448,NDLS,NEW DELHI,DBRG,DIBRUGARH
12237,BSB-JAT EXP.,13,JAT,JAMMU TAWI,11:25:00,11:25:00,1253,BSB,VARANASI JN.,JAT,JAMMU TAWI
12238,JAT-BSB EXP.,13,BSB,VARANASI JN.,12:40:00,12:40:00,1253,JAT,JAMMU TAWI,BSB,VARANASI JN.
12239,JAIPUR DURON,5,JP,JAIPUR JN.,14:35:00,14:35:00,1157,BCT,MUMBAI CENTRAL,JP,JAIPUR JN.
12240,JP BCT DURON,5,BCT,MUMBAI CENTR,11:40:00,11:40:00,1158,JP,JAIPUR JN.,BCT,MUMBAI CENTRAL
12241,CDG-ASR SUPE,6,ASR,AMRITSAR JN.,21:25:00,21:25:00,247,CDG,CHANDIGARH,ASR,AMRITSAR JN.
12242,ASR-CDG SUPE,6,CDG,CHANDIGARH,09:15:00,09:15:00,247,ASR,AMRITSAR JN.,CDG,CHANDIGARH
12243,MAS-CBE SHAT,6,CBE,COIMBATORE,14:15:00,14:15:00,491,MAS,CHENNAI CENTRAL,CBE,COIMBATORE  JN.
12244,CBE-MAS  SHA,6,MAS,CHENNAI CENT,22:15:00,22:15:00,493,CBE,COIMBATORE  JN.,MAS,CHENNAI CENTRAL
12245,HWH - YPR WE,6,YPR,YESVANTPUR J,16:00:00,16:00:00,1957,HWH,HOWRAH JN.,YPR,YESVANTPUR JN.
12246,YPR - HWH WE,6,HWH,HOWRAH JN.,16:15:00,16:15:00,1959,YPR,YESVANTPUR JN.,HWH,HOWRAH JN.
12247,BDTS NZM YUV,7,NZM,HAZRAT NIZAM,09:40:00,09:40:00,1355,BDTS,BANDRA TERMINUS,NZM,HAZRAT NIZAMUDDIN JN
12248,NZM  BDTS  Y,7,BDTS,BANDRA TERMI,09:20:00,09:20:00,1358,NZM,HAZRAT NIZAMUDDIN JN,BDTS,BANDRA TERMINUS
12249,HWH-ANVT YUV,7,ANVT,ANAND VIHAR,11:20:00,11:20:00,1425,HWH,HOWRAH JN.,ANVT,ANAND VIHAR TERMINAL
12250,ANVT-HWH YUV,7,HWH,HOWRAH JN.,12:40:00,12:40:00,1426,ANVT,ANAND VIHAR TERMINAL,HWH,HOWRAH JN.
12251,WAINGANGA EX,25,KRBA,KORBA,04:30:00,04:30:00,1611,YPR,YESVANTPUR JN.,KRBA,KORBA
12252,WAINGANGA EX,26,YPR,YESVANTPUR J,13:30:00,13:30:00,1605,KRBA,KORBA,YPR,YESVANTPUR JN.
12253,YPR-BGP ANGA,29,BGP,BHAGALPUR,08:30:00,08:30:00,2478,YPR,YESVANTPUR JN.,BGP,BHAGALPUR
12254,BGP-YPR ANGA,29,YPR,YESVANTPUR J,09:05:00,09:05:00,2477,BGP,BHAGALPUR,YPR,YESVANTPUR JN.
12257,YPR-KCVL EXP,19,KCVL,KOCHUVELI,13:00:00,13:00:00,798,YPR,YESVANTPUR JN.,KCVL,KOCHUVELI
12258,KCVL-YPR EXP,19,YPR,YESVANTPUR J,09:30:00,09:30:00,797,KCVL,KOCHUVELI,YPR,YESVANTPUR JN.
12259,NDLS DURONTO,5,NDLS,NEW DELHI,11:30:00,11:30:00,1448,SDAH,SEALDAH,NDLS,NEW DELHI
12260,SDAH DURONTO,5,SDAH,SEALDAH,12:35:00,12:35:00,1449,NDLS,NEW DELHI,SDAH,SEALDAH
12261,CSMT-HWH DUR,7,HWH,HOWRAH JN.,19:40:00,19:40:00,1972,CSMT,CST-MUMBAI,HWH,HOWRAH JN.
12262,HWH-CSMT DUR,7,CSMT,CST-MUMBAI,10:30:00,10:30:00,1979,HWH,HOWRAH JN.,CSMT,CST-MUMBAI
12263,PUNE-NZM DUR,7,NZM,HAZRAT NIZAM,06:55:00,06:55:00,1498,PUNE,PUNE JN.,NZM,HAZRAT NIZAMUDDIN JN
12264,NZM-PUNE DUR,7,PUNE,PUNE JN.,07:10:00,07:10:00,1501,NZM,HAZRAT NIZAMUDDIN JN,PUNE,PUNE JN.
12265,DEE-JAT DURO,3,JAT,JAMMU TAWI,07:25:00,07:25:00,577,DEE,DELHI-SARAI ROHILLA,JAT,JAMMU TAWI
12266,JAT-DEE,3,DEE,DELHI-SARAI,04:20:00,04:20:00,577,JAT,JAMMU TAWI,DEE,DELHI-SARAI ROHILLA
12267,ADI DURONTO,2,ADI,AHMEDABAD,05:55:00,05:55:00,490,BCT,MUMBAI CENTRAL,ADI,AHMEDABAD
12268,BCT DURONTO,2,BCT,MUMBAI CENTR,06:00:00,06:00:00,490,ADI,AHMEDABAD,BCT,MUMBAI CENTRAL
12269,MAS-NZM DURA,7,NZM,HAZRAT NIZAM,10:35:00,10:35:00,2156,MAS,CHENNAI CENTRAL,NZM,HAZRAT NIZAMUDDIN JN
12270,NZM-MAS DURA,7,MAS,CHENNAI CENT,20:10:00,20:10:00,2155,NZM,HAZRAT NIZAMUDDIN JN,MAS,CHENNAI CENTRAL
12273,HWH NDLS DUR,6,NDLS,NEW DELHI,06:25:00,06:25:00,1516,HWH,HOWRAH JN.,NDLS,NEW DELHI
12274,HWH DURONTO,6,HWH,HOWRAH JN.,10:40:00,10:40:00,1517,NDLS,NEW DELHI,HWH,HOWRAH JN.
12275,ALD-NDLS-DUR,2,NDLS,NEW DELHI,06:25:00,06:25:00,629,ALD,ALLAHABAD JN.,NDLS,NEW DELHI
12276,NDLS-ALD-DUR,2,ALD,ALLAHABAD JN,05:50:00,05:50:00,629,NDLS,NEW DELHI,ALD,ALLAHABAD JN.
12277,HWH-PURI SHA,8,PURI,PURI,21:55:00,21:55:00,504,HWH,HOWRAH JN.,PURI,PURI
12278,PURI-HWH SHA,8,HWH,HOWRAH JN.,13:40:00,13:40:00,503,PURI,PURI,HWH,HOWRAH JN.
12279,TAJ EXPRESS,11,NZM,HAZRAT NIZAM,22:05:00,22:05:00,385,JHS,JHANSI JN,NZM,HAZRAT NIZAMUDDIN JN
12280,TAJ EXPRESS,11,JHS,JHANSI JN,14:10:00,14:10:00,388,NZM,HAZRAT NIZAMUDDIN JN,JHS,JHANSI JN
12281,BBS-NDLS DUR,6,NDLS,NEW DELHI,06:25:00,06:25:00,1714,BBS,BHUBANESWAR,NDLS,NEW DELHI
12282,NDLS-BBS DUR,6,BBS,BHUBANESWAR,10:45:00,10:45:00,1717,NDLS,NEW DELHI,BBS,BHUBANESWAR
12283,ERS-NZM DURO,11,NZM,HAZRAT NIZAM,19:40:00,00:00:00,2636,ERS,ERNAKULAM. JN,NZM,HAZRAT NIZAMUDDIN JN
12284,NZM-ERS DURO,11,ERS,ERNAKULAM. J,15:40:00,15:40:00,2634,NZM,HAZRAT NIZAMUDDIN JN,ERS,ERNAKULAM. JN
12285,SC-NZM DORON,6,NZM,HAZRAT NIZAM,10:35:00,10:35:00,1651,SC,SECUNDERABAD JN.,NZM,HAZRAT NIZAMUDDIN JN
12286,NZM-SC DURON,6,SC,SECUNDERABAD,14:00:00,14:00:00,1652,NZM,HAZRAT NIZAMUDDIN JN,SC,SECUNDERABAD JN.
12289,CSMT-NGP DUR,4,NGP,NAGPUR JN.(C,07:20:00,07:20:00,841,CSMT,CST-MUMBAI,NGP,NAGPUR JN.(CR)
12290,NGP-CSMT DUR,4,CSMT,CST-MUMBAI,08:05:00,08:05:00,841,NGP,NAGPUR JN.(CR),CSMT,CST-MUMBAI
12291,YPR-MAS EXP,7,MAS,CHENNAI CENT,05:15:00,05:15:00,364,YPR,YESVANTPUR JN.,MAS,CHENNAI CENTRAL
12292,MAS-YPR EXP,7,YPR,YESVANTPUR J,06:00:00,06:00:00,363,MAS,CHENNAI CENTRAL,YPR,YESVANTPUR JN.
12293,LTT-ALD DURA,5,ALD,ALLAHABAD JN,12:35:00,12:35:00,1353,LTT,LOKMANYA TILAK TERMINUS,ALD,ALLAHABAD JN.
12294,ALD-LTT DURA,5,LTT,LOKMANYA TIL,14:55:00,14:55:00,1352,ALD,ALLAHABAD JN.,LTT,LOKMANYA TILAK TERMINUS
12295,SBC-PPTA SAN,36,DNR,DANAPUR,09:05:00,00:00:00,2703,SBC,KRANTIVIRA SANGOLLI RAYANNA (BENGALURU STATION),DNR,DANAPUR
12296,PNBE-SBC SAN,37,SBC,KRANTIVIRA S,20:20:00,20:20:00,2697,DNR,DANAPUR,SBC,KRANTIVIRA SANGOLLI RAYANNA (BENGALURU STATION)
12297,ADI-PUNE DUR,4,PUNE,PUNE JN.,07:10:00,07:10:00,623,ADI,AHMEDABAD,PUNE,PUNE JN.
12298,PUNE-ADI DOR,4,ADI,AHMEDABAD,06:20:00,06:20:00,622,PUNE,PUNE JN.,ADI,AHMEDABAD
12301,KOLKATA RAJD,8,NDLS,NEW DELHI,10:00:00,10:00:00,1438,HWH,HOWRAH JN.,NDLS,NEW DELHI
12302,KOLKATA RAJD,8,HWH,HOWRAH JN.,09:50:00,09:50:00,1439,NDLS,NEW DELHI,HWH,HOWRAH JN.
12303,POORVA EXPRE,25,NDLS,NEW DELHI,06:05:00,06:05:00,1516,HWH,HOWRAH JN.,NDLS,NEW DELHI
12304,POORVA EXPRE,25,HWH,HOWRAH JN.,16:55:00,16:55:00,1517,NDLS,NEW DELHI,HWH,HOWRAH JN.
12305,KOLKATA RAJD,9,NDLS,NEW DELHI,10:00:00,10:00:00,1516,HWH,HOWRAH JN.,NDLS,NEW DELHI
12306,KOLKATA RAJD,9,HWH,HOWRAH JN.,12:15:00,12:15:00,1517,NDLS,NEW DELHI,HWH,HOWRAH JN.
12307,HWH-JU EXP,28,JU,JODHPUR JN.,06:50:00,06:50:00,1803,HWH,HOWRAH JN.,JU,JODHPUR JN.
12308,JU-HWH SUPFA,28,HWH,HOWRAH JN.,04:00:00,04:00:00,1805,JU,JODHPUR JN.,HWH,HOWRAH JN.
12309,PATNA RAJDHA,6,NDLS,NEW DELHI,07:40:00,07:40:00,987,RJPB,RAJENDRANAGAR TERMINAL,NDLS,NEW DELHI
12310,PATNA RAJDHA,6,RJPB,RAJENDRANAGA,05:30:00,00:00:00,987,NDLS,NEW DELHI,RJPB,RAJENDRANAGAR TERMINAL
12311,HWH DLIKLK M,39,KLK,KALKA,04:30:00,04:30:00,1699,HWH,HOWRAH JN.,KLK,KALKA
12312,KLK DLI HWH,40,HWH,HOWRAH JN.,07:55:00,07:55:00,1700,KLK,KALKA,HWH,HOWRAH JN.
12313,SDAH RAJDHAN,8,NDLS,NEW DELHI,10:25:00,10:25:00,1448,SDAH,SEALDAH,NDLS,NEW DELHI
12314,SDAH RAJDHAN,8,SDAH,SEALDAH,10:10:00,10:10:00,1449,NDLS,NEW DELHI,SDAH,SEALDAH
12315,ANNANYA  EXP,23,UDZ,UDAIPUR CITY,02:45:00,02:45:00,2119,KOAA,KOLKATA,UDZ,UDAIPUR CITY
12316,ANANYA EXPRE,23,KOAA,KOLKATA,15:10:00,15:10:00,2120,UDZ,UDAIPUR CITY,KOAA,KOLKATA
12317,AKAL TAKHT E,23,ASR,AMRITSAR JN.,17:20:00,17:20:00,1884,KOAA,KOLKATA,ASR,AMRITSAR JN.
12318,AKAL TAKHAT,23,KOAA,KOLKATA,15:15:00,15:15:00,1885,ASR,AMRITSAR JN.,KOAA,KOLKATA
12319,KOAA-AGC WEE,12,AGC,AGRA CANTT,12:00:00,12:00:00,1416,KOAA,KOLKATA,AGC,AGRA CANTT
12320,AGC-KOAA WEE,11,KOAA,KOLKATA,17:20:00,17:20:00,1417,AGC,AGRA CANTT,KOAA,KOLKATA
12321,HWH MUMBAI M,48,CSMT,CST-MUMBAI,11:25:00,11:25:00,2165,HWH,HOWRAH JN.,CSMT,CST-MUMBAI
12322,KOLKATA MAIL,49,HWH,HOWRAH JN.,11:45:00,00:00:00,2167,CSMT,CST-MUMBAI,HWH,HOWRAH JN.
12323,HWH ANVT BI-,9,ANVT,ANAND VIHAR,17:05:00,17:05:00,1425,HWH,HOWRAH JN.,ANVT,ANAND VIHAR TERMINAL
12324,ANVT HWH BI-,9,HWH,HOWRAH JN.,06:00:00,06:00:00,1426,ANVT,ANAND VIHAR TERMINAL,HWH,HOWRAH JN.
12325,KOAA-NANGALD,18,NLDM,NANGAL DAM,16:00:00,16:00:00,1792,KOAA,KOLKATA,NLDM,NANGAL DAM
12326,NLDM-KOAA WK,18,KOAA,KOLKATA,15:15:00,15:15:00,1793,NLDM,NANGAL DAM,KOAA,KOLKATA
12327,UPASANA EXPR,20,DDN,DEHRA DUN,18:10:00,18:10:00,1577,HWH,HOWRAH JN.,DDN,DEHRA DUN
12328,UPASANA EXPR,20,HWH,HOWRAH JN.,03:15:00,03:15:00,1577,DDN,DEHRA DUN,HWH,HOWRAH JN.
12329,SAMPARK KRAN,8,ANVT,ANAND VIHAR,11:50:00,11:50:00,1435,SDAH,SEALDAH,ANVT,ANAND VIHAR TERMINAL
12330,SAMPARKRANTI,8,SDAH,SEALDAH,17:25:00,17:25:00,1436,ANVT,ANAND VIHAR TERMINAL,SDAH,SEALDAH
12331,HIMGIRI EXPR,32,JAT,JAMMU TAWI,12:35:00,12:35:00,2010,HWH,HOWRAH JN.,JAT,JAMMU TAWI
12332,HIMGIRI EXPR,32,HWH,HOWRAH JN.,11:30:00,11:30:00,2011,JAT,JAMMU TAWI,HWH,HOWRAH JN.
12333,VIBHUTI EXPR,31,ALY,ALLAHABAD CI,12:00:00,12:00:00,878,HWH,HOWRAH JN.,ALY,ALLAHABAD CITY
12334,VIBHUTI EXPR,31,HWH,HOWRAH JN.,07:30:00,07:30:00,879,ALY,ALLAHABAD CITY,HWH,HOWRAH JN.
12335,BGP-LT(T) EX,39,LTT,LOKMANYA TIL,20:00:00,20:00:00,1917,BGP,BHAGALPUR,LTT,LOKMANYA TILAK TERMINUS
12336,LTT-BGP EXP,38,BGP,BHAGALPUR,18:30:00,18:30:00,1918,LTT,LOKMANYA TILAK TERMINUS,BGP,BHAGALPUR
12337,SHANTINIKETA,4,BHP,BOLPUR,12:25:00,12:25:00,146,HWH,HOWRAH JN.,BHP,BOLPUR
12338,SHANTINIKETA,4,HWH,HOWRAH JN.,15:40:00,15:40:00,146,BHP,BOLPUR,HWH,HOWRAH JN.
12339,COALFIELD EX,13,DHN,DHANBAD JN.,21:40:00,21:40:00,258,HWH,HOWRAH JN.,DHN,DHANBAD JN.
12340,COALFIELD EX,13,HWH,HOWRAH JN.,10:25:00,10:25:00,259,DHN,DHANBAD JN.,HWH,HOWRAH JN.
12341,AGNIVEENA EX,7,ASN,ASANSOL MAIN,21:35:00,21:35:00,199,HWH,HOWRAH JN.,ASN,ASANSOL MAIN
12342,AGNIVEENA EX,7,HWH,HOWRAH JN.,08:45:00,08:45:00,200,ASN,ASANSOL MAIN,HWH,HOWRAH JN.
12343,DARJEELING M,6,NJP,NEW JALPAIGU,08:00:00,00:00:00,571,SDAH,SEALDAH,NJP,NEW JALPAIGURI JN
12344,DARJEELING M,6,SDAH,SEALDAH,06:00:00,06:00:00,571,NJP,NEW JALPAIGURI JN,SDAH,SEALDAH
12345,SARAIGHAT EX,13,GHY,GUWAHATI,09:50:00,09:50:00,1023,HWH,HOWRAH JN.,GHY,GUWAHATI
12346,SARAIGHAT EX,13,HWH,HOWRAH JN.,05:10:00,05:10:00,1023,GHY,GUWAHATI,HWH,HOWRAH JN.
12347,HWH RPH EXP,9,RPH,RAMPUR HAT,15:35:00,15:35:00,206,HWH,HOWRAH JN.,RPH,RAMPUR HAT
12348,RPH HWH EXP,9,HWH,HOWRAH JN.,20:15:00,20:15:00,206,RPH,RAMPUR HAT,HWH,HOWRAH JN.
12349,BGP NDLS EXP,13,NDLS,NEW DELHI,13:00:00,13:00:00,1206,BGP,BHAGALPUR,NDLS,NEW DELHI
12350,NDLS BGP  EX,13,BGP,BHAGALPUR,20:00:00,20:00:00,1206,NDLS,NEW DELHI,BGP,BHAGALPUR
12351,DANAPUR EXPR,23,RJPB,RAJENDRANAGA,06:15:00,06:15:00,528,HWH,HOWRAH JN.,RJPB,RAJENDRANAGAR TERMINAL
12352,DANAPUR EXP,23,HWH,HOWRAH JN.,06:35:00,06:35:00,529,RJPB,RAJENDRANAGAR TERMINAL,HWH,HOWRAH JN.
12353,HWH LKU EXP,18,LKU,LALKUA JN.,07:20:00,07:20:00,1299,HWH,HOWRAH JN.,LKU,LALKUA JN.
12354,LKU  HWH  EX,18,HWH,HOWRAH JN.,18:55:00,18:55:00,1300,LKU,LALKUA JN.,HWH,HOWRAH JN.
12355,ARCHNA EXPRE,19,JAT,JAMMU TAWI,10:30:00,10:30:00,1506,RJPB,RAJENDRANAGAR TERMINAL,JAT,JAMMU TAWI
12356,ARCHNA EXPRE,19,RJPB,RAJENDRANAGA,23:05:00,23:05:00,1506,JAT,JAMMU TAWI,RJPB,RAJENDRANAGAR TERMINAL
12357,DURGIANA EXP,15,ASR,AMRITSAR JN.,17:20:00,17:20:00,1807,KOAA,KOLKATA,ASR,AMRITSAR JN.
12358,ASR KOAA SUP,15,KOAA,KOLKATA,11:35:00,11:35:00,1807,ASR,AMRITSAR JN.,KOAA,KOLKATA
12359,PNBE GARIB R,13,PNBE,PATNA JN.,05:30:00,05:30:00,534,KOAA,KOLKATA,PNBE,PATNA JN.
12360,KOL GARIB RA,13,KOAA,KOLKATA,05:15:00,05:15:00,534,PNBE,PATNA JN.,KOAA,KOLKATA
12361,ASN CSMT EXP,21,CSMT,CST-MUMBAI,06:15:00,06:15:00,2043,ASN,ASANSOL MAIN,CSMT,CST-MUMBAI
12362,CSMT- ASANSO,21,ASN,ASANSOL MAIN,23:15:00,23:15:00,2044,CSMT,CST-MUMBAI,ASN,ASANSOL MAIN
12363,KOAA HDB SF,11,HDB,HALDIBARI,20:20:00,20:20:00,621,KOAA,KOLKATA,HDB,HALDIBARI
12364,HDB KOA SF E,11,KOAA,KOLKATA,19:40:00,19:40:00,620,HDB,HALDIBARI,KOAA,KOLKATA
12365,PNBE-RNC JAN,12,RNC,RANCHI,13:55:00,13:55:00,410,PNBE,PATNA JN.,RNC,RANCHI
12366,RNC-PNBE JAN,12,PNBE,PATNA JN.,22:15:00,22:15:00,407,RNC,RANCHI,PNBE,PATNA JN.
12367,VIKRAMSHILA,21,ANVT,ANAND VIHAR,08:00:00,08:00:00,1193,BGP,BHAGALPUR,ANVT,ANAND VIHAR TERMINAL
12368,VIKRAMSHILA,21,BGP,BHAGALPUR,12:25:00,12:25:00,1193,ANVT,ANAND VIHAR TERMINAL,BGP,BHAGALPUR
12369,KUMBHA EXPRE,20,HW,HARIDWAR JN,16:40:00,16:40:00,1525,HWH,HOWRAH JN.,HW,HARIDWAR JN
12370,HW HWH S F E,20,HWH,HOWRAH JN.,03:15:00,03:15:00,1526,HW,HARIDWAR JN,HWH,HOWRAH JN.
12371,HWH JSM SF E,29,JSM,JAISALMER,23:45:00,23:45:00,2245,HWH,HOWRAH JN.,JSM,JAISALMER
12372,JSM HWH SF E,29,HWH,HOWRAH JN.,16:30:00,16:30:00,2246,JSM,JAISALMER,HWH,HOWRAH JN.
12373,SDAH RPH INT,7,RPH,RAMPUR HAT,12:45:00,12:45:00,217,SDAH,SEALDAH,RPH,RAMPUR HAT
12374,RPH SDAH INT,7,SDAH,SEALDAH,14:40:00,14:40:00,216,RPH,RAMPUR HAT,SDAH,SEALDAH
12375,MAS ASN  EXP,27,ASN,ASANSOL MAIN,21:55:00,00:00:00,1729,MAS,CHENNAI CENTRAL,ASN,ASANSOL MAIN
12376,ASN MAS  EXP,27,MAS,CHENNAI CENT,22:45:00,22:45:00,1727,ASN,ASANSOL MAIN,MAS,CHENNAI CENTRAL
12377,PADATIK EXP,10,NOQ,NEW ALIPURDU,12:10:00,12:10:00,718,SDAH,SEALDAH,NOQ,NEW ALIPURDUAR
12378,PADATIK EXP,10,SDAH,SEALDAH,06:45:00,06:45:00,718,NOQ,NEW ALIPURDUAR,SDAH,SEALDAH
12379,JALIANWALA B,15,ASR,AMRITSAR JN.,19:45:00,19:45:00,1889,SDAH,SEALDAH,ASR,AMRITSAR JN.
12380,JALIANWALA B,15,SDAH,SEALDAH,17:25:00,17:25:00,1890,ASR,AMRITSAR JN.,SDAH,SEALDAH
12381,POORVA EXPRE,22,NDLS,NEW DELHI,06:05:00,06:05:00,1438,HWH,HOWRAH JN.,NDLS,NEW DELHI
12382,POORVA EXPRE,22,HWH,HOWRAH JN.,16:55:00,16:55:00,1439,NDLS,NEW DELHI,HWH,HOWRAH JN.
12383,SDAH-ASN INT,9,ASN,ASANSOL MAIN,20:55:00,20:55:00,221,SDAH,SEALDAH,ASN,ASANSOL MAIN
12384,INTERCITY EX,9,SDAH,SEALDAH,10:40:00,10:40:00,222,ASN,ASANSOL MAIN,SDAH,SEALDAH
12389,GAYA-CHENNAI,17,MS,CHENNAI EGMO,20:45:00,20:45:00,2348,GAYA,GAYA JN.,MS,CHENNAI EGMORE
12390,CHENNAI-EGMO,17,GAYA,GAYA JN.,21:40:00,21:40:00,2353,MS,CHENNAI EGMORE,GAYA,GAYA JN.
12391,SHRAMJEEVI E,33,NDLS,NEW DELHI,05:10:00,05:10:00,1092,RGD,RAJGIR,NDLS,NEW DELHI
12392,SHRAMJEEVI E,33,RGD,RAJGIR,10:10:00,10:10:00,1092,NDLS,NEW DELHI,RGD,RAJGIR
12393,SAMPOORNA KR,5,NDLS,NEW DELHI,07:50:00,07:50:00,987,RJPB,RAJENDRANAGAR TERMINAL,NDLS,NEW DELHI
12394,SAMPOORNKRAN,5,RJPB,RAJENDRANAGA,07:35:00,07:35:00,987,NDLS,NEW DELHI,RJPB,RAJENDRANAGAR TERMINAL
12395,ZIYARAT EXPR,15,AII,AJMER JN.,15:10:00,15:10:00,1287,RJPB,RAJENDRANAGAR TERMINAL,AII,AJMER JN.
12396,ZIYARAT EXPR,15,RJPB,RAJENDRANAGA,23:05:00,23:05:00,1287,AII,AJMER JN.,RJPB,RAJENDRANAGAR TERMINAL
12397,MAHABODHI EX,15,NDLS,NEW DELHI,04:35:00,04:35:00,981,GAYA,GAYA JN.,NDLS,NEW DELHI
12398,MAHABODHI EX,15,GAYA,GAYA JN.,03:15:00,03:15:00,981,NDLS,NEW DELHI,GAYA,GAYA JN.
12401,MAGADH EXPRE,28,NDLS,NEW DELHI,11:50:00,11:50:00,1049,IPR,ISLAMPUR,NDLS,NEW DELHI
12402,MAGADH EXPRE,28,IPR,ISLAMPUR,14:45:00,14:45:00,1049,NDLS,NEW DELHI,IPR,ISLAMPUR
12405,GONDWANA EXP,29,NZM,HAZRAT NIZAM,07:30:00,07:30:00,1461,BSL,BHUSAVAL JN.,NZM,HAZRAT NIZAMUDDIN JN
12406,NZM BSL EXPR,29,BSL,BHUSAVAL JN.,15:50:00,15:50:00,1464,NZM,HAZRAT NIZAMUDDIN JN,BSL,BHUSAVAL JN.
12407,KARMABHOOMI,19,ASR,AMRITSAR JN.,17:35:00,17:35:00,1821,NJP,NEW JALPAIGURI JN,ASR,AMRITSAR JN.
12408,KARMABHOOMI,19,NJP,NEW JALPAIGU,18:35:00,18:35:00,1824,ASR,AMRITSAR JN.,NJP,NEW JALPAIGURI JN
12409,GONDWANA EXP,35,NZM,HAZRAT NIZAM,07:30:00,07:30:00,1613,RIG,RAIGARH,NZM,HAZRAT NIZAMUDDIN JN
12410,GONDWANA EXP,35,RIG,RAIGARH,19:05:00,19:05:00,1608,NZM,HAZRAT NIZAMUDDIN JN,RIG,RAIGARH
12411,CDG-ASR INTE,9,ASR,AMRITSAR JN.,11:30:00,11:30:00,247,CDG,CHANDIGARH,ASR,AMRITSAR JN.
12412,ASR-CDG INTE,9,CDG,CHANDIGARH,21:55:00,21:55:00,247,ASR,AMRITSAR JN.,CDG,CHANDIGARH
12413,AII-JAT POOJ,21,JAT,JAMMU TAWI,08:20:00,08:20:00,1016,AII,AJMER JN.,JAT,JAMMU TAWI
12414,JAT-AII POOJ,22,AII,AJMER JN.,12:20:00,12:20:00,1017,JAT,JAMMU TAWI,AII,AJMER JN.
12415,IND NZM EXPR,23,DEE,DELHI-SARAI,06:50:00,06:50:00,815,INDB,INDORE BG,DEE,DELHI-SARAI ROHILLA
12416,INTERCITY  E,22,INDB,INDORE BG,11:40:00,11:40:00,817,DEE,DELHI-SARAI ROHILLA,INDB,INDORE BG
12417,PRAYAG RAJ E,6,NDLS,NEW DELHI,07:00:00,07:00:00,624,ALD,ALLAHABAD JN.,NDLS,NEW DELHI
12418,PRAYAG RAJ E,7,ALD,ALLAHABAD JN,06:50:00,06:50:00,624,NDLS,NEW DELHI,ALD,ALLAHABAD JN.
12419,GOMTI EXP,16,NDLS,NEW DELHI,15:05:00,15:05:00,504,LKO,LUCKNOW JN.,NDLS,NEW DELHI
12420,GOMTI EXPRES,16,LKO,LUCKNOW JN.,21:25:00,21:25:00,504,NDLS,NEW DELHI,LKO,LUCKNOW JN.
12421,NED-ASR SUPE,23,ASR,AMRITSAR JN.,22:05:00,00:00:00,1927,NED,NANDED,ASR,AMRITSAR JN.
12422,ASR-NED SUPE,23,NED,NANDED,23:45:00,23:45:00,1929,ASR,AMRITSAR JN.,NED,NANDED
12423,DBRT-NDLS RA,22,NDLS,NEW DELHI,10:20:00,10:20:00,2422,DBRT,DIBRUGARH TOWN,NDLS,NEW DELHI
12424,NDLS-DBRT RA,22,DBRT,DIBRUGARH TO,08:00:00,08:00:00,2423,NDLS,NEW DELHI,DBRT,DIBRUGARH TOWN
12425,NDLS-JAT RAJ,5,JAT,JAMMU TAWI,05:45:00,05:45:00,576,NDLS,NEW DELHI,JAT,JAMMU TAWI
12426,JAT-NDLS RAJ,5,NDLS,NEW DELHI,05:00:00,05:00:00,576,JAT,JAMMU TAWI,NDLS,NEW DELHI
12427,REWA-ANVT EX,12,ANVT,ANAND VIHAR,06:35:00,06:35:00,844,REWA,REWA,ANVT,ANAND VIHAR TERMINAL
12428,ANVT-REWA EX,13,REWA,REWA,11:00:00,11:00:00,844,ANVT,ANAND VIHAR TERMINAL,REWA,REWA
12431,TVC-NZM RAJD,19,NZM,HAZRAT NIZAM,12:40:00,12:40:00,2841,TVC,TRIVANDRUM CENTRAL,NZM,HAZRAT NIZAMUDDIN JN
12432,NZM-TVC RAJD,19,TVC,TRIVANDRUM C,04:55:00,04:55:00,2840,NZM,HAZRAT NIZAMUDDIN JN,TVC,TRIVANDRUM CENTRAL
12433,MAS-NZM RAJD,10,NZM,HAZRAT NIZAM,10:25:00,10:25:00,2156,MAS,CHENNAI CENTRAL,NZM,HAZRAT NIZAMUDDIN JN
12434,NZM-MAS RAJD,10,MAS,CHENNAI CENT,20:15:00,20:15:00,2155,NZM,HAZRAT NIZAMUDDIN JN,MAS,CHENNAI CENTRAL
12435,DBRT - NDLS,26,NDLS,NEW DELHI,13:55:00,13:55:00,2452,DBRT,DIBRUGARH TOWN,NDLS,NEW DELHI
12436,NDLS - DBRT,26,DBRT,DIBRUGARH TO,07:25:00,07:25:00,2454,NDLS,NEW DELHI,DBRT,DIBRUGARH TOWN
12437,RAJDHANI EXP,7,NZM,HAZRAT NIZAM,10:25:00,10:25:00,1651,SC,SECUNDERABAD JN.,NZM,HAZRAT NIZAMUDDIN JN
12438,NZM SC RAJDH,7,SC,SECUNDERABAD,14:00:00,14:00:00,1652,NZM,HAZRAT NIZAMUDDIN JN,SC,SECUNDERABAD JN.
12439,RNC NDLS RAJ,8,NDLS,NEW DELHI,10:50:00,10:50:00,1297,RNC,RANCHI,NDLS,NEW DELHI
12440,NDLS RNC RAJ,8,RNC,RANCHI,09:00:00,09:00:00,1300,NDLS,NEW DELHI,RNC,RANCHI
12441,BSP-NDLS,10,NDLS,NEW DELHI,10:55:00,10:55:00,1487,BSP,BILASPUR JN.,NDLS,NEW DELHI
12442,NDLS-BSP,10,BSP,BILASPUR JN.,12:00:00,12:00:00,1483,NDLS,NEW DELHI,BSP,BILASPUR JN.
12443,HLZ-ANVT EXP,14,ANVT,ANAND VIHAR,11:50:00,11:50:00,1572,HLZ,HALDIA,ANVT,ANAND VIHAR TERMINAL
12444,ANVT-HLZ EXP,14,HLZ,HALDIA,20:30:00,20:30:00,1572,ANVT,ANAND VIHAR TERMINAL,HLZ,HALDIA
12445,UTTAR SMPRK,11,SVDK,SHRI MATA VA,08:40:00,08:40:00,654,NDLS,NEW DELHI,SVDK,SHRI MATA VAISHNO DEVI KATRA
12446,UTTAR SMPRK,11,NDLS,NEW DELHI,06:45:00,06:45:00,654,SVDK,SHRI MATA VAISHNO DEVI KATRA,NDLS,NEW DELHI
12447,U S KRANTI E,12,NZM,HAZRAT NIZAM,05:25:00,05:25:00,676,MKP,MANIKPUR JN.,NZM,HAZRAT NIZAMUDDIN JN
12448,U P S KRANTI,12,MKP,MANIKPUR JN.,08:35:00,08:35:00,679,NZM,HAZRAT NIZAMUDDIN JN,MKP,MANIKPUR JN.
12449,GOA SMPRK K,14,CDG,CHANDIGARH,23:45:00,00:00:00,2159,MAO,MADGOAN JN.,CDG,CHANDIGARH
12450,GOA SMPRK KR,14,MAO,MADGOAN JN.,14:45:00,14:45:00,2157,CDG,CHANDIGARH,MAO,MADGOAN JN.
12451,SHRAM SHKTI,3,NDLS,NEW DELHI,06:35:00,06:35:00,430,CNB,KANPUR CENTRAL JN.,NDLS,NEW DELHI
12452,SHRAM SHKTI,3,CNB,KANPUR CENTR,06:30:00,06:30:00,430,NDLS,NEW DELHI,CNB,KANPUR CENTRAL JN.
12453,RNC-NDLS,7,NDLS,NEW DELHI,10:50:00,10:50:00,1333,RNC,RANCHI,NDLS,NEW DELHI
12454,NDLS-RNC,7,RNC,RANCHI,10:30:00,10:30:00,1336,NDLS,NEW DELHI,RNC,RANCHI
12455,DEE- BKN EXP,21,BKN,BIKANER JN.,13:15:00,00:00:00,790,DEE,DELHI-SARAI ROHILLA,BKN,BIKANER JN.
12456,BKN-DEE  EXP,21,DEE,DELHI-SARAI,07:20:00,07:20:00,790,BKN,BIKANER JN.,DEE,DELHI-SARAI ROHILLA
12457,DEE BKN  S F,14,BKN,BIKANER JN.,07:20:00,07:20:00,455,DEE,DELHI-SARAI ROHILLA,BKN,BIKANER JN.
12458,BKN DEE S F,14,DEE,DELHI-SARAI,06:10:00,06:10:00,455,BKN,BIKANER JN.,DEE,DELHI-SARAI ROHILLA
12459,ASR-NDLS EXP,15,ASR,AMRITSAR JN.,21:45:00,21:45:00,447,NDLS,NEW DELHI,ASR,AMRITSAR JN.
12460,ASR-NDLS EXP,17,NDLS,NEW DELHI,14:15:00,14:15:00,447,ASR,AMRITSAR JN.,NDLS,NEW DELHI
12461,MANDOR EXPRE,18,JU,JODHPUR JN.,08:00:00,08:00:00,618,DLI,DELHI JN.,JU,JODHPUR JN.
12462,MANDOR EXPRE,16,DLI,DELHI JN.,06:40:00,06:40:00,619,JU,JODHPUR JN.,DLI,DELHI JN.
12463,RAJSTHN S KR,8,JU,JODHPUR JN.,08:35:00,08:35:00,614,DEE,DELHI-SARAI ROHILLA,JU,JODHPUR JN.
12464,RJSTHN S KRN,8,DEE,DELHI-SARAI,05:40:00,05:40:00,615,JU,JODHPUR JN.,DEE,DELHI-SARAI ROHILLA
12465,RANTHAMBORE,29,JU,JODHPUR JN.,22:15:00,22:15:00,905,INDB,INDORE BG,JU,JODHPUR JN.
12466,INTERCITY EX,29,INDB,INDORE BG,22:30:00,22:30:00,906,JU,JODHPUR JN.,INDB,INDORE BG
12467,LEELAN EXP,22,JP,JAIPUR JN.,12:35:00,12:35:00,700,JSM,JAISALMER,JP,JAIPUR JN.
12468,LEELAN EXP,22,JSM,JAISALMER,04:50:00,04:50:00,699,JP,JAIPUR JN.,JSM,JAISALMER
12469,CNB-JAT EXPR,14,JAT,JAMMU TAWI,11:50:00,11:50:00,1025,CNB,KANPUR CENTRAL JN.,JAT,JAMMU TAWI
12470,JAT-CNB EXPR,14,CNB,KANPUR CENTR,14:50:00,14:50:00,1025,JAT,JAMMU TAWI,CNB,KANPUR CENTRAL JN.
12471,SWARAJ EXPRE,26,SVDK,SHRI MATA VA,17:10:00,00:00:00,2017,BDTS,BANDRA TERMINUS,SVDK,SHRI MATA VAISHNO DEVI KATRA
12472,SWARAJ EXPRE,26,BDTS,BANDRA TERMI,18:05:00,18:05:00,2019,SVDK,SHRI MATA VAISHNO DEVI KATRA,BDTS,BANDRA TERMINUS
12473,SARVODAYA EX,24,SVDK,SHRI MATA VA,17:10:00,17:10:00,1736,ADI,AHMEDABAD,SVDK,SHRI MATA VAISHNO DEVI KATRA
12474,SARVODAYA EX,25,ADI,AHMEDABAD,14:15:00,14:15:00,1739,SVDK,SHRI MATA VAISHNO DEVI KATRA,ADI,AHMEDABAD
12475,HAPA JAT EXP,31,SVDK,SHRI MATA VA,17:10:00,17:10:00,2055,HAPA,HAPA,SVDK,SHRI MATA VAISHNO DEVI KATRA
12476,SARVODAYA EX,31,HAPA,HAPA,20:50:00,20:50:00,2058,SVDK,SHRI MATA VAISHNO DEVI KATRA,HAPA,HAPA
12477,JAM SVDK EXP,31,SVDK,SHRI MATA VA,17:10:00,17:10:00,2064,JAM,JAMNAGAR,SVDK,SHRI MATA VAISHNO DEVI KATRA
12478,SVDK- JAMNAG,31,JAM,JAMNAGAR,21:00:00,21:00:00,2066,SVDK,SHRI MATA VAISHNO DEVI KATRA,JAM,JAMNAGAR
12479,SURYA NAGRI,17,BDTS,BANDRA TERMI,11:35:00,11:35:00,934,JU,JODHPUR JN.,BDTS,BANDRA TERMINUS
12480,SURYANAGARI,17,JU,JODHPUR JN.,06:30:00,06:30:00,932,BDTS,BANDRA TERMINUS,JU,JODHPUR JN.
12481,INTERCITY EX,15,SGNR,SHRI GANGANA,20:40:00,20:40:00,409,DLI,DELHI JN.,SGNR,SHRI GANGANAGAR
12482,INTERCITY EX,15,DLI,DELHI JN.,13:35:00,13:35:00,409,SGNR,SHRI GANGANAGAR,DLI,DELHI JN.
12483,KCVL EXPRESS,27,ASR,AMRITSAR JN.,19:45:00,19:45:00,3290,KCVL,KOCHUVELI,ASR,AMRITSAR JN.
12484,KCVL EXPRESS,27,KCVL,KOCHUVELI,15:15:00,15:15:00,3288,ASR,AMRITSAR JN.,KCVL,KOCHUVELI
12485,NED SGNR EXP,27,SGNR,SHRI GANGANA,22:30:00,22:30:00,1937,NED,NANDED,SGNR,SHRI GANGANAGAR
12486,SGNR NED EXP,27,NED,NANDED,23:45:00,23:45:00,1940,SGNR,SHRI GANGANAGAR,NED,NANDED
12487,JBN-ANVT SUP,19,ANVT,ANAND VIHAR,21:00:00,21:00:00,1364,JBN,JOGBANI,ANVT,ANAND VIHAR TERMINAL
12488,ANVT-JBNSUPE,19,JBN,JOGBANI,08:25:00,08:25:00,1364,ANVT,ANAND VIHAR TERMINAL,JBN,JOGBANI
12489,BKN DDR SF E,22,DDR,DADAR,12:00:00,00:00:00,1244,BKN,BIKANER JN.,DDR,DADAR
12490,DDR BIKANER,22,BKN,BIKANER JN.,13:10:00,13:10:00,1244,DDR,DADAR,BKN,BIKANER JN.
12491,MOURDHWAJ EX,22,JAT,JAMMU TAWI,11:50:00,11:50:00,1609,BJU,BARAUNI JN.,JAT,JAMMU TAWI
12492,MOURDHAJ EXP,22,BJU,BARAUNI JN.,02:10:00,02:10:00,1612,JAT,JAMMU TAWI,BJU,BARAUNI JN.
12493,PUNE-NZM AC,10,NZM,HAZRAT NIZAM,05:35:00,05:35:00,1498,PUNE,PUNE JN.,NZM,HAZRAT NIZAMUDDIN JN
12494,NZM-PUNE AC,10,PUNE,PUNE JN.,21:25:00,21:25:00,1501,NZM,HAZRAT NIZAMUDDIN JN,PUNE,PUNE JN.
12495,BKN KOAA SUP,20,KOAA,KOLKATA,13:15:00,13:15:00,1878,BKN,BIKANER JN.,KOAA,KOLKATA
12496,PRATAP EXPRE,20,BKN,BIKANER JN.,05:45:00,05:45:00,1876,KOAA,KOLKATA,BKN,BIKANER JN.
12497,SHANE PUNJAB,14,ASR,AMRITSAR JN.,14:20:00,14:20:00,447,NDLS,NEW DELHI,ASR,AMRITSAR JN.
12498,SHANE PUNJAB,15,NDLS,NEW DELHI,22:50:00,22:50:00,447,ASR,AMRITSAR JN.,NDLS,NEW DELHI
12501,POORVATTAR S,10,NDLS,NEW DELHI,13:00:00,13:00:00,1914,GHY,GUWAHATI,NDLS,NEW DELHI
12502,POORVATTAR S,10,GHY,GUWAHATI,08:45:00,08:45:00,1914,NDLS,NEW DELHI,GHY,GUWAHATI
12503,BNC - KYQ HU,23,KYQ,KAMAKHYA JN,13:30:00,13:30:00,3032,BNC,BANGALORE CANTT.,KYQ,KAMAKHYA JN
12504,KYQ - BNC HU,23,BNC,BANGALORE CA,21:15:00,21:15:00,3032,KYQ,KAMAKHYA JN,BNC,BANGALORE CANTT.
12505,NORTHEAST EX,30,ANVT,ANAND VIHAR,19:20:00,00:00:00,1850,GHY,GUWAHATI,ANVT,ANAND VIHAR TERMINAL
12506,NORTHEAST EX,29,GHY,GUWAHATI,16:50:00,16:50:00,1850,ANVT,ANAND VIHAR TERMINAL,GHY,GUWAHATI
12507,TVC - SCL EX,58,SCL,SILCHAR,19:00:00,19:00:00,3932,TVC,TRIVANDRUM CENTRAL,SCL,SILCHAR
12508,SCL - TVC EX,56,TVC,TRIVANDRUM C,22:40:00,22:40:00,3930,SCL,SILCHAR,TVC,TRIVANDRUM CENTRAL
12509,SBC -GHY EXP,42,GHY,GUWAHATI,06:00:00,06:00:00,2992,BNC,BANGALORE CANTT.,GHY,GUWAHATI
12510,GHY-SBC EXP,41,BNC,BANGALORE CA,11:40:00,11:40:00,2993,GHY,GUWAHATI,BNC,BANGALORE CANTT.
12511,RAPTISAGAR E,61,TVC,TRIVANDRUM C,17:15:00,17:15:00,3239,GKP,GORAKHPUR JN.,TVC,TRIVANDRUM CENTRAL
12512,RAPTISAGAR E,60,GKP,GORAKHPUR JN,15:20:00,15:20:00,3245,TVC,TRIVANDRUM CENTRAL,GKP,GORAKHPUR JN.
12513,SC - GHY EXP,31,GHY,GUWAHATI,06:00:00,06:00:00,2564,SC,SECUNDERABAD JN.,GHY,GUWAHATI
12514,GHY - SC EXP,30,SC,SECUNDERABAD,04:00:00,04:00:00,2567,GHY,GUWAHATI,SC,SECUNDERABAD JN.
12515,TVC - SCL EX,57,SCL,SILCHAR,17:15:00,17:15:00,3932,TVC,TRIVANDRUM CENTRAL,SCL,SILCHAR
12516,SCL -TVC EXP,56,TVC,TRIVANDRUM C,22:40:00,22:40:00,3930,SCL,SILCHAR,TVC,TRIVANDRUM CENTRAL
12517,GARIB RATH E,14,GHY,GUWAHATI,15:55:00,15:55:00,1027,KOAA,KOLKATA,GHY,GUWAHATI
12518,GARIB RATH E,14,KOAA,KOLKATA,15:00:00,00:00:00,1027,GHY,GUWAHATI,KOAA,KOLKATA
12519,LTT-KYQ AC E,28,KYQ,KAMAKHYA JN,04:25:00,00:00:00,2568,LTT,LOKMANYA TILAK TERMINUS,KYQ,KAMAKHYA JN
12520,KYQ-LTT AC E,28,LTT,LOKMANYA TIL,17:30:00,17:30:00,2567,KYQ,KAMAKHYA JN,LTT,LOKMANYA TILAK TERMINUS
12521,RAPTI SAGAR,63,ERS,ERNAKULAM. J,13:00:00,13:00:00,3427,BJU,BARAUNI JN.,ERS,ERNAKULAM. JN
12522,RAPTI SAGAR,62,BJU,BARAUNI JN.,22:50:00,22:50:00,3435,ERS,ERNAKULAM. JN,BJU,BARAUNI JN.
12523,NJP-NDLS BI-,18,NDLS,NEW DELHI,12:10:00,12:10:00,1496,NJP,NEW JALPAIGURI JN,NDLS,NEW DELHI
12524,NDLS-NJP BI-,18,NJP,NEW JALPAIGU,18:35:00,18:35:00,1499,NDLS,NEW DELHI,NJP,NEW JALPAIGURI JN
12525,KOAA - DBRG,23,DBRG,DIBRUGARH,02:25:00,02:25:00,1584,KOAA,KOLKATA,DBRG,DIBRUGARH
12526,DBRG - KOAA,23,KOAA,KOLKATA,15:00:00,00:00:00,1583,DBRG,DIBRUGARH,KOAA,KOLKATA
12527,RMR-CDG - WE,11,CDG,CHANDIGARH,13:30:00,00:00:00,395,RMR,RAMNAGAR,CDG,CHANDIGARH
12529,PPTA LJN S F,10,LJN,LUCKNOW JN.,02:35:00,02:35:00,518,PPTA,PATLIPUTRA,LJN,LUCKNOW JN.
12530,LJN PPTA S F,10,PPTA,PATLIPUTRA,14:50:00,14:50:00,522,LJN,LUCKNOW JN.,PPTA,PATLIPUTRA
12531,INTERCITY EX,12,LJN,LUCKNOW JN.,11:00:00,11:00:00,277,GKP,GORAKHPUR JN.,LJN,LUCKNOW JN.
12532,LJN- GKP INT,12,GKP,GORAKHPUR JN,21:35:00,21:35:00,278,LJN,LUCKNOW JN.,GKP,GORAKHPUR JN.
12533,PUSHPAK SF E,16,CSMT,CST-MUMBAI,19:50:00,19:50:00,1424,LJN,LUCKNOW JN.,CSMT,CST-MUMBAI
12534,PUSHPAK SF E,15,LJN,LUCKNOW JN.,08:40:00,08:40:00,1423,CSMT,CST-MUMBAI,LJN,LUCKNOW JN.
12535,GARIB RATH,13,R,RAIPUR JN.,07:15:00,07:15:00,903,LJN,LUCKNOW JN.,R,RAIPUR JN.
12536,GARIB RATH,12,LJN,LUCKNOW JN.,05:05:00,05:05:00,905,R,RAIPUR JN.,LJN,LUCKNOW JN.
12537,MANDUADIH EX,15,MUV,MANDUADIH,06:00:00,00:00:00,543,MFP,MUZAFFARPUR JN.,MUV,MANDUADIH
12538,MUV MFP EXPR,15,MFP,MUZAFFARPUR,17:45:00,17:45:00,543,MUV,MANDUADIH,MFP,MUZAFFARPUR JN.
12539,YPR-LKO EXPR,18,LKO,LUCKNOW JN.,08:50:00,00:00:00,2548,YPR,YESVANTPUR JN.,LKO,LUCKNOW JN.
12540,LKO-YPR EXPR,18,YPR,YESVANTPUR J,16:40:00,16:40:00,2541,LKO,LUCKNOW JN.,YPR,YESVANTPUR JN.
12541,GKP-LTT-SUPE,16,LTT,LOKMANYA TIL,04:00:00,04:00:00,1685,GKP,GORAKHPUR JN.,LTT,LOKMANYA TILAK TERMINUS
12542,LTT-GKP-SUPE,16,GKP,GORAKHPUR JN,17:00:00,17:00:00,1686,LTT,LOKMANYA TILAK TERMINUS,GKP,GORAKHPUR JN.
12545,KARMBHOOMI E,21,LTT,LOKMANYA TIL,06:00:00,06:00:00,2045,RXL,RAXAUL JN.,LTT,LOKMANYA TILAK TERMINUS
12546,KARMBHOOMI E,21,RXL,RAXAUL JN.,00:45:00,00:45:00,2045,LTT,LOKMANYA TILAK TERMINUS,RXL,RAXAUL JN.
12547,AF-ADI SUPER,12,ADI,AHMEDABAD,13:40:00,13:40:00,866,AF,AGRA  FORT,ADI,AHMEDABAD
12548,ADI-AF SUPER,12,AF,AGRA  FORT,08:20:00,08:20:00,864,ADI,AHMEDABAD,AF,AGRA  FORT
12549,DURG - JAT S,18,JAT,JAMMU TAWI,21:10:00,21:10:00,1847,DURG,DURG,JAT,JAMMU TAWI
12550,JAT - DURG S,18,DURG,DURG,14:20:00,14:20:00,1858,JAT,JAMMU TAWI,DURG,DURG
12551,YPR - KYQ AC,29,KYQ,KAMAKHYA JN,14:00:00,14:00:00,3024,YPR,YESVANTPUR JN.,KYQ,KAMAKHYA JN
12552,KYQ - YPR AC,29,YPR,YESVANTPUR J,18:25:00,18:25:00,3024,KYQ,KAMAKHYA JN,YPR,YESVANTPUR JN.
12553,VAISHALI EXP,21,NDLS,NEW DELHI,06:45:00,06:45:00,1167,BJU,BARAUNI JN.,NDLS,NEW DELHI
12554,VAISHALI EXP,21,BJU,BARAUNI JN.,17:15:00,17:15:00,1170,NDLS,NEW DELHI,BJU,BARAUNI JN.
12555,GORAKHDHAM E,15,HSR,HISAR JN,10:00:00,10:00:00,952,GKP,GORAKHPUR JN.,HSR,HISAR JN
12556,GORAKHDHAM E,15,GKP,GORAKHPUR JN,09:45:00,09:45:00,953,HSR,HISAR JN,GKP,GORAKHPUR JN.
12557,SAPT KRANTI,16,ANVT,ANAND VIHAR,07:50:00,07:50:00,1057,MFP,MUZAFFARPUR JN.,ANVT,ANAND VIHAR TERMINAL
12558,SAPT KRANTI,16,MFP,MUZAFFARPUR,10:25:00,10:25:00,1059,ANVT,ANAND VIHAR TERMINAL,MFP,MUZAFFARPUR JN.
12559,SHIV GANGA E,4,NDLS,NEW DELHI,08:10:00,08:10:00,745,MUV,MANDUADIH,NDLS,NEW DELHI
12560,SHIVGANGA,4,MUV,MANDUADIH,07:00:00,07:00:00,745,NDLS,NEW DELHI,MUV,MANDUADIH
12561,SWATANTRTA S,22,NDLS,NEW DELHI,12:30:00,00:00:00,1223,JYG,JAYNAGAR,NDLS,NEW DELHI
12562,SWATANTRTA S,21,JYG,JAYNAGAR,19:15:00,00:00:00,1224,NDLS,NEW DELHI,JYG,JAYNAGAR
12565,BIHAR SAMPAR,11,NDLS,NEW DELHI,05:30:00,05:30:00,1153,DBG,DARBHANGA JN.,NDLS,NEW DELHI
12566,BIHAR SAMPAR,11,DBG,DARBHANGA JN,11:15:00,11:15:00,1156,NDLS,NEW DELHI,DBG,DARBHANGA JN.
12567,SHC-PNBE RAJ,9,PNBE,PATNA JN.,11:00:00,11:00:00,219,SHC,SAHARSA JN.,PNBE,PATNA JN.
12568,PNBE-SHC RAJ,9,SHC,SAHARSA JN.,16:45:00,16:45:00,219,PNBE,PATNA JN.,SHC,SAHARSA JN.
12569,JYG -ANVT GA,23,ANVT,ANAND VIHAR,08:20:00,08:20:00,1238,JYG,JAYNAGAR,ANVT,ANAND VIHAR TERMINAL
12570,ANVT-JYG GAR,23,JYG,JAYNAGAR,13:35:00,13:35:00,1238,ANVT,ANAND VIHAR TERMINAL,JYG,JAYNAGAR
12572,ANVT-GKP HAM,9,GKP,GORAKHPUR JN,09:20:00,09:20:00,829,ANVT,ANAND VIHAR TERMINAL,GKP,GORAKHPUR JN.
12577,BAGMATI EXP,41,MYS,MYSORE JN.,23:30:00,23:30:00,3045,DBG,DARBHANGA JN.,MYS,MYSORE JN.
12578,BAGMATI  EXP,40,DBG,DARBHANGA JN,14:25:00,14:25:00,3051,MYS,MYSORE JN.,DBG,DARBHANGA JN.
12581,MUV-NDLS-SUP,6,NDLS,NEW DELHI,12:20:00,12:20:00,745,MUV,MANDUADIH,NDLS,NEW DELHI
12582,NDLS-MUV-SUP,6,MUV,MANDUADIH,11:10:00,11:10:00,745,NDLS,NEW DELHI,MUV,MANDUADIH
12587,AMAR NATH EX,18,JAT,JAMMU TAWI,12:35:00,12:35:00,1246,GKP,GORAKHPUR JN.,JAT,JAMMU TAWI
12588,JAMMU GKP EX,18,GKP,GORAKHPUR JN,20:30:00,20:30:00,1247,JAT,JAMMU TAWI,GKP,GORAKHPUR JN.
12589,GKP-SC EXP,31,SC,SECUNDERABAD,15:10:00,15:10:00,1833,GKP,GORAKHPUR JN.,SC,SECUNDERABAD JN.
12590,SC-GKP EXP,31,GKP,GORAKHPUR JN,15:20:00,15:20:00,1836,SC,SECUNDERABAD JN.,GKP,GORAKHPUR JN.
12591,GKP-SBC EXP,40,YPR,YESVANTPUR J,04:20:00,00:00:00,2513,GKP,GORAKHPUR JN.,YPR,YESVANTPUR JN.
12592,SBC-GKP EXP,40,GKP,GORAKHPUR JN,15:05:00,15:05:00,2504,YPR,YESVANTPUR JN.,GKP,GORAKHPUR JN.
12593,LJN-BPL-EXP,6,BPL,BHOPAL,09:35:00,09:35:00,581,LJN,LUCKNOW JN.,BPL,BHOPAL
12594,BPL-LJN-EXP,6,LJN,LUCKNOW JN.,09:45:00,09:45:00,581,BPL,BHOPAL,LJN,LUCKNOW JN.
12595,GKP-ANVT HAM,6,ANVT,ANAND VIHAR,08:50:00,08:50:00,760,GKP,GORAKHPUR JN.,ANVT,ANAND VIHAR TERMINAL
12596,ANVT-GKP HAM,6,GKP,GORAKHPUR JN,07:50:00,00:00:00,761,ANVT,ANAND VIHAR TERMINAL,GKP,GORAKHPUR JN.
12597,GKP-CSMT-WEE,13,CSMT,CST-MUMBAI,12:15:00,12:15:00,1693,GKP,GORAKHPUR JN.,CSMT,CST-MUMBAI
12598,CSMT-GKP -WE,13,GKP,GORAKHPUR JN,18:35:00,18:35:00,1694,CSMT,CST-MUMBAI,GKP,GORAKHPUR JN.
12601,MANGALORE MA,31,MAQ,MANGALORE CE,12:25:00,12:25:00,883,MAS,CHENNAI CENTRAL,MAQ,MANGALORE CENTRAL
12602,CHENNAI MAIL,33,MAS,CHENNAI CENT,05:40:00,05:40:00,885,MAQ,MANGALORE CENTRAL,MAS,CHENNAI CENTRAL
12603,HYDERABAD EX,22,HYB,HYDERABAD DE,05:45:00,05:45:00,715,MAS,CHENNAI CENTRAL,HYB,HYDERABAD DECCAN
12604,CHENNAI EXP,21,MAS,CHENNAI CENT,05:55:00,05:55:00,716,HYB,HYDERABAD DECCAN,MAS,CHENNAI CENTRAL
12605,MS-KKDI PALL,13,KKDI,KARAIKKUDI,23:00:00,23:00:00,425,MS,CHENNAI EGMORE,KKDI,KARAIKKUDI
12606,KKDI-MS PALL,13,MS,CHENNAI EGMO,12:10:00,12:10:00,425,KKDI,KARAIKKUDI,MS,CHENNAI EGMORE
12607,MAS-SBC LALB,12,SBC,KRANTIVIRA S,21:35:00,21:35:00,360,MAS,CHENNAI CENTRAL,SBC,KRANTIVIRA SANGOLLI RAYANNA (BENGALURU STATION)
12608,SBC-MAS LALB,13,MAS,CHENNAI CENT,12:15:00,12:15:00,361,SBC,KRANTIVIRA SANGOLLI RAYANNA (BENGALURU STATION),MAS,CHENNAI CENTRAL
12609,MAS-SBC EXP,19,SBC,KRANTIVIRA S,20:05:00,20:05:00,360,MAS,CHENNAI CENTRAL,SBC,KRANTIVIRA SANGOLLI RAYANNA (BENGALURU STATION)
12610,SBC-MAS EXP,19,MAS,CHENNAI CENT,14:30:00,14:30:00,361,SBC,KRANTIVIRA SANGOLLI RAYANNA (BENGALURU STATION),MAS,CHENNAI CENTRAL
12611,MAS-NZM GARI,11,NZM,HAZRAT NIZAM,10:25:00,10:25:00,2156,MAS,CHENNAI CENTRAL,NZM,HAZRAT NIZAMUDDIN JN
12612,NZM-MAS GARI,11,MAS,CHENNAI CENT,20:15:00,20:15:00,2155,NZM,HAZRAT NIZAMUDDIN JN,MAS,CHENNAI CENTRAL
12613,TIPU EXPRESS,4,SBC,KRANTIVIRA S,14:00:00,14:00:00,138,MYS,MYSORE JN.,SBC,KRANTIVIRA SANGOLLI RAYANNA (BENGALURU STATION)
12614,TIPPU EXP,4,MYS,MYSORE JN.,17:30:00,17:30:00,138,SBC,KRANTIVIRA SANGOLLI RAYANNA (BENGALURU STATION),MYS,MYSORE JN.
12615,MAS-NDLS GRA,41,DEE,DELHI-SARAI,07:10:00,07:10:00,2169,MAS,CHENNAI CENTRAL,DEE,DELHI-SARAI ROHILLA
12616,G T EXPRESS,40,MAS,CHENNAI CENT,06:20:00,06:20:00,2168,DEE,DELHI-SARAI ROHILLA,MAS,CHENNAI CENTRAL
12617,MANGALA LDWE,48,NZM,HAZRAT NIZAM,13:15:00,13:15:00,2751,ERS,ERNAKULAM. JN,NZM,HAZRAT NIZAMUDDIN JN
12618,MNGLA LKSDP,48,ERS,ERNAKULAM. J,10:15:00,10:15:00,2748,NZM,HAZRAT NIZAMUDDIN JN,ERS,ERNAKULAM. JN
12619,MATSYAGANDHA,24,MAQ,MANGALORE CE,07:30:00,07:30:00,893,LTT,LOKMANYA TILAK TERMINUS,MAQ,MANGALORE CENTRAL
12620,MATSYAGANDA,22,LTT,LOKMANYA TIL,06:35:00,06:35:00,899,MAQ,MANGALORE CENTRAL,LTT,LOKMANYA TILAK TERMINUS
12621,MAS-NDLS TAM,12,NDLS,NEW DELHI,07:05:00,07:05:00,2163,MAS,CHENNAI CENTRAL,NDLS,NEW DELHI
12622,NDLS-MAS TAM,11,MAS,CHENNAI CENT,07:10:00,00:00:00,2163,NDLS,NEW DELHI,MAS,CHENNAI CENTRAL
12623,TRIVANDRUM M,21,TVC,TRIVANDRUM C,11:45:00,11:45:00,913,MAS,CHENNAI CENTRAL,TVC,TRIVANDRUM CENTRAL
12624,CHENNAI MAIL,22,MAS,CHENNAI CENT,07:30:00,07:30:00,916,TVC,TRIVANDRUM CENTRAL,MAS,CHENNAI CENTRAL
12625,KERALA EXPRE,43,NDLS,NEW DELHI,13:45:00,13:45:00,3013,TVC,TRIVANDRUM CENTRAL,NDLS,NEW DELHI
12626,NDLS-TVC KER,42,TVC,TRIVANDRUM C,14:45:00,14:45:00,3010,NDLS,NEW DELHI,TVC,TRIVANDRUM CENTRAL
12627,SBC-NDLS KAR,36,NDLS,NEW DELHI,10:30:00,00:00:00,2386,SBC,KRANTIVIRA SANGOLLI RAYANNA (BENGALURU STATION),NDLS,NEW DELHI
12628,NDLS-SBC KAR,35,SBC,KRANTIVIRA S,13:40:00,13:40:00,2389,NDLS,NEW DELHI,SBC,KRANTIVIRA SANGOLLI RAYANNA (BENGALURU STATION)
12629,SAMPARKRANTH,14,NZM,HAZRAT NIZAM,13:00:00,13:00:00,2595,YPR,YESVANTPUR JN.,NZM,HAZRAT NIZAMUDDIN JN
12630,SAMPARKRANTH,14,YPR,YESVANTPUR J,06:20:00,06:20:00,2595,NZM,HAZRAT NIZAMUDDIN JN,YPR,YESVANTPUR JN.
12631,MS-TEN NELLA,15,TEN,TIRUNELVELI,07:10:00,07:10:00,649,MS,CHENNAI EGMORE,TEN,TIRUNELVELI JN
12632,TEN-MS NELLA,16,MS,CHENNAI EGMO,06:55:00,06:55:00,649,TEN,TIRUNELVELI JN,MS,CHENNAI EGMORE
12633,MS-CAPE EXP.,17,CAPE,KANNIYAKUMAR,06:15:00,00:00:00,738,MS,CHENNAI EGMORE,CAPE,KANNIYAKUMARI
12634,CAPE-MS EXP.,18,MS,CHENNAI EGMO,06:25:00,00:00:00,737,CAPE,KANNIYAKUMARI,MS,CHENNAI EGMORE
12635,MS-MDU VAIGA,10,MDU,MADURAI JN,21:20:00,21:20:00,492,MS,CHENNAI EGMORE,MDU,MADURAI JN
12636,MDU-MS VAIGA,11,MS,CHENNAI EGMO,14:35:00,14:35:00,492,MDU,MADURAI JN,MS,CHENNAI EGMORE
